"old_names","new_names","new_codes","new_geometry"
c("Bournemouth", "Christchurch", "Poole"),Bournemouth, Christchurch and Poole,E06000058,list(list(list(c(-1.89527964699994, -1.88489938599997, -1.87477116299993, -1.87483521399997, -1.86613939499995, -1.85273909299997, -1.83915457699993, -1.81757156799995, -1.81695363199998, -1.80877959099996, -1.80773968199998, -1.80494282599994, -1.80257887699997, -1.79470104099994, -1.79563536999996, -1.79066017299994, -1.77539719999993, -1.76839478899996, -1.76227125799994, -1.76710667999993, -1.76482691799993, -1.74845102999996, -1.75151498899993, -1.74740676499994, -1.74409088299996, -1.74251867399994, 
-1.75024468199996, -1.77067410699993, -1.81058001099996, -1.81766746499994, -1.83926900399996, -1.84519031199994, -1.86657639599997, -1.87758229599996, -1.90228310899994, -1.90894897599998, -1.90718457599996, -1.90708999299994, -1.89252455599996, -1.90899885599993, -1.92688577599995, -1.93765860899993, -1.92616614299993, -1.92060691699993, -1.91560757999997, -1.89527964699994, 50.780669163, 50.772663198, 50.7639607260001, 50.7638753090001, 50.7647064340001, 50.7741890120001, 50.7604419740001, 50.756726434, 
50.7439600690001, 50.7422359270001, 50.741848502, 50.7407243760001, 50.739788875, 50.737054415, 50.7313562740001, 50.7299452490001, 50.730184454, 50.7223516490001, 50.7207028030001, 50.72044916, 50.7191920560001, 50.7186220230001, 50.7180198390001, 50.7160580610001, 50.7221183840001, 50.7221203240001, 50.7115899340001, 50.717059152, 50.721275758, 50.721374219, 50.7206838970001, 50.7200426910001, 50.718039564, 50.7160240160001, 50.7100129450001, 50.716467971, 50.724292914, 50.725530092, 50.74252527, 
50.7464793730001, 50.7515963800001, 50.7572672800001, 50.7704530500001, 50.7752634720001, 50.7739984720001, 50.780669163)), list(c(-1.93662169099997, -1.93850640799997, -1.93397034899994, -1.92088910199993, -1.92060691699993, -1.92616614299993, -1.93765860899993, -1.92688577599995, -1.90899885599993, -1.89252455599996, -1.90708999299994, -1.90718457599996, -1.90894897599998, -1.90228310899994, -1.92192315299997, -1.94918576599997, -1.95265352599995, -1.94138520899998, -1.93350670199993, -1.94874654199998, 
-1.95290377899994, -1.94951609899994, -1.95368811399993, -1.95457231199993, -1.95103019999993, -1.95051582299993, -1.95040674999996, -1.95034012699995, -1.95010102199996, -1.95014188899995, -1.95061528399998, -1.95069312199996, -1.95085312699996, -1.95162190999997, -1.95519351199994, -1.96175830699997, -1.95897133599993, -1.96447034899995, -1.97405854599998, -1.99325092199996, -1.99095837599998, -1.98592563299997, -1.99362624999998, -1.99370125099995, -2.00643531099996, -1.99332514399993, -1.99733271199995, 
-2.01170065499997, -2.01318282399995, -2.00689575999996, -2.01276997899993, -2.00866602499997, -2.00453146399997, -1.99516095299992, -1.99593600199995, -1.98848862299997, -1.98787623399994, -1.99795427199996, -2.00161624599997, -2.01192986199993, -2.04159253999995, -2.03641015899996, -2.03813244099996, -2.02823669299994, -2.02388986599993, -2.01798404099998, -2.01410686399993, -2.01407572799997, -2.01162762799993, -2.01069240699996, -2.00050627599995, -2.00724734799996, -1.99247015399993, -1.96767127599998, 
-1.95368892099998, -1.94226238899995, -1.93662169099997, 50.7948738970001, 50.783363912, 50.780567773, 50.7845789300001, 50.7752634720001, 50.7704530500001, 50.7572672800001, 50.7515963800001, 50.7464793730001, 50.74252527, 50.725530092, 50.724292914, 50.716467971, 50.7100129450001, 50.701289552, 50.6832663320001, 50.6872042900001, 50.6896863270001, 50.6967351660001, 50.7072927470001, 50.7046059360001, 50.708011485, 50.7046755530001, 50.7084892450001, 50.7077315760001, 50.708037979, 50.708063102, 
50.7081350760001, 50.7106867950001, 50.7107964790001, 50.7117578800001, 50.7117983640001, 50.7118704330001, 50.7120792970001, 50.708909362, 50.7125173680001, 50.7158334000001, 50.7163180730001, 50.7110073870001, 50.713093298, 50.7194170510001, 50.7208893430001, 50.7239894090001, 50.730115266, 50.730229546, 50.7303689220001, 50.7380695240001, 50.733822122, 50.7294178660001, 50.7301827750001, 50.727166427, 50.7274329890001, 50.718329215, 50.718330145, 50.713755275, 50.711729844, 50.708782356, 50.707877452, 
50.7113661930001, 50.710975331, 50.719646165, 50.723395639, 50.726621342, 50.729907903, 50.7371462400001, 50.73691532, 50.7488800830001, 50.7490806320001, 50.77436435, 50.7831644660001, 50.7887028280001, 50.791500743, 50.7919800830001, 50.7914427360001, 50.791079338, 50.799381517, 50.7948738970001)), list(c(-2.00180001799993, -2.00483600899997, -2.00117386799997, -2.00180001799993, 50.732345481, 50.73150194, 50.7346590020001, 50.732345481)), list(c(-1.97996078399996, -1.98623133499996, -1.98662770299995, 
-1.97996078399996, 50.7115146990001, 50.711488612, 50.7120497540001, 50.7115146990001)), list(c(-1.96365197899996, -1.96168511799993, -1.96406751799998, -1.96365197899996, 50.7122131450001, 50.710165084, 50.711465113, 50.7122131450001)), list(c(-1.96013078399994, -1.96147384999995, -1.96156731999997, -1.96013078399994, 50.711345194, 50.710519274, 50.7105868130001, 50.711345194)), list(c(-1.84662484799998, -1.83524304499997, -1.80530134699995, -1.80226453999995, -1.80736325399994, -1.80236189399994, 
-1.79891948599993, -1.78926584799996, -1.78967399499993, -1.78482249199993, -1.77746336899997, -1.77028092099994, -1.77151663999996, -1.75046075199998, -1.74036205299996, -1.74605766299993, -1.74556981499995, -1.71499794399995, -1.68322707599998, -1.68605302899994, -1.69395446199997, -1.72361836399995, -1.74252746199994, -1.74371316199995, -1.74482790399998, -1.75556631699993, -1.75848593799998, -1.75892220299994, -1.76339396499998, -1.76168946699994, -1.76573112699998, -1.76701263199993, -1.77317170899994, 
-1.77071699399994, -1.77285686699997, -1.77285392999994, -1.77959042899994, -1.77311242499997, -1.77196550199994, -1.77314963699996, -1.78988100399994, -1.79382612999996, -1.79384065999994, -1.79426591399994, -1.80576017299995, -1.80618102699998, -1.80773968199998, -1.80877959099996, -1.81695363199998, -1.81757156799995, -1.83915457699993, -1.85273909299997, -1.86613939499995, -1.87483521399997, -1.87477116299993, -1.86671426499993, -1.86587342199994, -1.86598878199993, -1.85800914699996, -1.84662484799998, 
50.8101805740001, 50.800617871, 50.796542856, 50.794696286, 50.7925989500001, 50.792462964, 50.784415929, 50.779435581, 50.767451475, 50.765231623, 50.7669352880001, 50.770365172, 50.77313063, 50.780091172, 50.7638537450001, 50.756656799, 50.7480400250001, 50.752828483, 50.752433753, 50.744405627, 50.7379382060001, 50.7352409120001, 50.7246568800001, 50.7241190650001, 50.7288466960001, 50.7279938470001, 50.7307657630001, 50.7241541280001, 50.7258744260001, 50.7234207220001, 50.7239153830001, 50.7294504440001, 
50.730174762, 50.731056203, 50.7367164820001, 50.740525307, 50.7390042220001, 50.732106086, 50.730884529, 50.730893796, 50.731023452, 50.7310536730001, 50.7312525030001, 50.737070729, 50.7418064880001, 50.74180449, 50.741848502, 50.7422359270001, 50.7439600690001, 50.756726434, 50.7604419740001, 50.7741890120001, 50.7647064340001, 50.7638753090001, 50.7639607260001, 50.7745006820001, 50.796362679, 50.8071948400001, 50.8054609120001, 50.8101805740001)), list(c(-1.77297608599997, -1.77108882699997, 
-1.77307307899997, -1.77527940899995, -1.77314174999998, -1.77297608599997, 50.7365470440001, 50.7316812230001, 50.7333877820001, 50.7352851570001, 50.7369741150001, 50.7365470440001)), list(c(-1.74251867399994, -1.74409088299996, -1.74218863999994, -1.74251867399994, 50.7221203240001, 50.7221183840001, 50.724187713, 50.7221203240001))))
c("Suffolk Coastal", "Waveney"),East Suffolk,E07000244,list(list(list(c(1.46627632200006, 1.47937799500005, 1.48603116700002, 1.48818756000003, 1.48301006000003, 1.48283164700007, 1.48674469200006, 1.49235901600002, 1.51427207700004, 1.54234476400006, 1.55843451800007, 1.56066620100006, 1.57155906900005, 1.58180681900006, 1.58424550400002, 1.58473012300004, 1.58560568500008, 1.59703201600007, 1.60616137900007, 1.60678046300006, 1.60703113200003, 1.61536314400007, 1.62677603300006, 1.62746200400005, 1.62718236500007, 1.63042452800005, 1.62761163900007, 
1.62796387200007, 1.63191226400005, 1.63463248700003, 1.63644461700005, 1.64600448300007, 1.64939384600007, 1.65663484000004, 1.66477552200007, 1.66456288500007, 1.66417317500003, 1.66531321500003, 1.64653888700002, 1.63541678300004, 1.62851617900003, 1.62744098900004, 1.62121156700005, 1.62041999300004, 1.60634563900004, 1.59547044100003, 1.57783337700005, 1.48367601300004, 1.46950358400005, 1.46117727800004, 1.46629926200006, 1.48618289800004, 1.51069900400006, 1.51389599000004, 1.51863437700007, 
1.53570369600004, 1.56067599000005, 1.56589124600004, 1.57952475600007, 1.56587537200005, 1.55999190600005, 1.54026891600006, 1.53765299700007, 1.55298219400004, 1.56694463100007, 1.56688952900004, 1.58501421700004, 1.59387089200004, 1.59728491700002, 1.59132687500005, 1.58142029900006, 1.57327537800006, 1.56940755000005, 1.57805907100004, 1.56978646500005, 1.55372043400007, 1.55162546400004, 1.55556335800003, 1.54986703100008, 1.52921283800003, 1.52712561400006, 1.52593612700002, 1.52172387600007, 
1.50937715600003, 1.50729634500004, 1.49289671300005, 1.50321696500004, 1.50616680300004, 1.50741513500003, 1.50508498500005, 1.49738172900004, 1.50055655600005, 1.49738470300002, 1.50160167000007, 1.50203525300003, 1.50707477400005, 1.50637521800007, 1.50893246100003, 1.52155380900007, 1.52320508100007, 1.53801621400004, 1.55140955900004, 1.56569519800007, 1.57107693900002, 1.56743084800007, 1.56667348900004, 1.56636459700007, 1.57155563500004, 1.58109469400006, 1.59363445200006, 1.57987560300006, 
1.56441414500006, 1.56366408600007, 1.55080312600006, 1.53562939600005, 1.53604985200008, 1.52313642100006, 1.50866708400002, 1.48878451700006, 1.49639367600003, 1.49635366200005, 1.49080611600004, 1.49178338500008, 1.48497363500007, 1.48816278600003, 1.48523958100003, 1.48510962000006, 1.48199057900007, 1.48492581800002, 1.48178841300006, 1.48318546100006, 1.48084999400004, 1.48394173700007, 1.48269892400003, 1.48443604800002, 1.49119464100005, 1.49468781600007, 1.48775416500007, 1.48803732300007, 
1.49947382900007, 1.49353489600003, 1.47663319200007, 1.45984339000006, 1.46189248800005, 1.46104092900003, 1.45927589400003, 1.45648160100006, 1.44917531100003, 1.45553189100002, 1.45776088500003, 1.46043548600005, 1.44188748500005, 1.43038904100007, 1.41008701800007, 1.39229122800003, 1.39375702100006, 1.39028643800003, 1.39263412900004, 1.39009828000007, 1.38670502200006, 1.39368910100006, 1.36516809200003, 1.36119012800003, 1.34288303200003, 1.35083345700002, 1.34981607500004, 1.33921102800002, 
1.34187487300005, 1.32756204400005, 1.31719735800004, 1.31754740800005, 1.33014063900004, 1.32982212800005, 1.34154531200005, 1.33292676100007, 1.34237789900004, 1.34618086500006, 1.34931471200002, 1.35046979000003, 1.34626812000005, 1.33540721600002, 1.32445733200007, 1.32425958400006, 1.32392702900006, 1.32326098800007, 1.31928670700006, 1.32295823600003, 1.31552000200003, 1.31193107500007, 1.30229205900002, 1.30573893600007, 1.29329503300005, 1.31559808500003, 1.32249276100003, 1.32326773500006, 
1.32227707500004, 1.32344790400003, 1.33197661600002, 1.32968670600007, 1.33325358500002, 1.34556152300007, 1.34107010100007, 1.34527611700003, 1.34431798500003, 1.33948664400003, 1.34132069100002, 1.33620671100005, 1.33544293900007, 1.33924768500003, 1.33721030800007, 1.34149488300005, 1.33555972800002, 1.34260637500006, 1.35454785400003, 1.35753236600004, 1.35428708700005, 1.35701587500006, 1.35394714100005, 1.35243738900004, 1.36217558800007, 1.37854762400002, 1.37788829300007, 1.38104427100006, 
1.38616401200005, 1.38198269700007, 1.38963582100007, 1.38693714500005, 1.36097118600003, 1.34274868600005, 1.31722876600003, 1.31688932400004, 1.31422316800007, 1.31218992100003, 1.31407629300003, 1.29422018200006, 1.28075277500005, 1.27849782100003, 1.26233999700003, 1.25655334500004, 1.25507401900006, 1.23614939300006, 1.22754063000002, 1.21363883100003, 1.20851328900005, 1.19580998300006, 1.18652289900007, 1.17698849500005, 1.18300105100008, 1.18480170900006, 1.19986780100004, 1.20766566300006, 
1.21322039900002, 1.21755615100005, 1.22179692900005, 1.20013259000007, 1.20414325200005, 1.20740000600006, 1.20204570900006, 1.20339686000005, 1.19840165400007, 1.18501465700007, 1.18808185700004, 1.16917217000002, 1.16377668400003, 1.15602953200005, 1.16541969400004, 1.16370257300002, 1.16876007100007, 1.17588677300006, 1.17613946100005, 1.16839136300007, 1.16765660800007, 1.17353989600002, 1.17488912000005, 1.18958761600004, 1.19485197200004, 1.21360678900004, 1.21214717800007, 1.22695995400005, 
1.23531367600003, 1.25513215400002, 1.25490542900008, 1.24122919700005, 1.23979795100007, 1.24652270000007, 1.24172044400007, 1.24574225400005, 1.28490010700006, 1.29168423000004, 1.29068732500002, 1.29918426200004, 1.31488856900006, 1.32461599500004, 1.33792883300003, 1.33502282400002, 1.33942870400006, 1.32856349000002, 1.32575196400006, 1.34545470900002, 1.34259150200006, 1.35381629400007, 1.35443403500005, 1.37446753500006, 1.37965674900005, 1.39979884400003, 1.38229549700003, 1.37887975400002, 
1.38217651900004, 1.36917321000004, 1.35563332600003, 1.36031769200002, 1.35556139800002, 1.35806833000004, 1.40765866500004, 1.42036055900007, 1.43494814100006, 1.44837178300003, 1.44491115800002, 1.46627632200006, 52.3540867230001, 52.346902406, 52.3482196140001, 52.3399324170001, 52.3385078840001, 52.3330281550001, 52.3289357300001, 52.3292464210001, 52.338147819, 52.3386486160001, 52.3303627170001, 52.3320842460001, 52.328954497, 52.322005108, 52.3200845220001, 52.320026968, 52.319486366, 52.3243423640001, 
52.3159352540001, 52.318224075, 52.316218054, 52.3168777230001, 52.323275417, 52.323170329, 52.3218572540001, 52.322196407, 52.323219269, 52.326632246, 52.329046641, 52.327738826, 52.3304112390001, 52.3266111780001, 52.3248525820001, 52.32411224, 52.316573829, 52.313984845, 52.313442009, 52.3120908220001, 52.2986898990001, 52.2850587030001, 52.2688908640001, 52.2463288920001, 52.2044924030001, 52.1866666930001, 52.165406084, 52.135766661, 52.086507721, 52.0563872800001, 52.0495875410001, 52.0409856740001, 
52.0491981270001, 52.0597441450001, 52.0667984560001, 52.0669469920001, 52.068774585, 52.075317618, 52.086338873, 52.0915404420001, 52.092001929, 52.0918709900001, 52.08662129, 52.079644998, 52.0884960920001, 52.09030548, 52.0985704060001, 52.1102604380001, 52.120213956, 52.1358136710001, 52.144058364, 52.146004749, 52.142681785, 52.1447818230001, 52.1486018050001, 52.1553005270001, 52.160235388, 52.1591453280001, 52.161537814, 52.1630541810001, 52.167019442, 52.163512661, 52.165522251, 52.161579046, 
52.1622932020001, 52.155536812, 52.1646597970001, 52.1656657820001, 52.1639636790001, 52.163168618, 52.1580855550001, 52.163188903, 52.1643168240001, 52.162639697, 52.159901812, 52.1614052940001, 52.1541544, 52.1527004590001, 52.1576174140001, 52.1515029350001, 52.1516633370001, 52.1576477670001, 52.157831738, 52.1506611340001, 52.1565486420001, 52.1532360580001, 52.1521080690001, 52.1543011890001, 52.148978164, 52.1431863380001, 52.1401923120001, 52.14213182, 52.1201390790001, 52.112317573, 52.1006124460001, 
52.092519823, 52.0908016810001, 52.081483237, 52.0824603080001, 52.0700179200001, 52.0739067270001, 52.0861064360001, 52.091806084, 52.1026550340001, 52.1001734970001, 52.0999287990001, 52.102674909, 52.105694219, 52.102849808, 52.1039539490001, 52.1061100750001, 52.1140686210001, 52.1053547290001, 52.10376482, 52.102163015, 52.099822821, 52.098706679, 52.0982267740001, 52.087327288, 52.0800627470001, 52.073364945, 52.0712034760001, 52.0648441550001, 52.0589886970001, 52.0466832650001, 52.0484050530001, 
52.04869182, 52.0460783830001, 52.0448755040001, 52.0445351400001, 52.0435708380001, 52.044937331, 52.0452758690001, 52.0259682160001, 52.0063013610001, 51.9940486740001, 51.987727084, 51.998994102, 51.996720817, 51.9989033050001, 51.9967568070001, 51.999861869, 51.9995204080001, 52.0078318540001, 52.022936515, 52.0317030030001, 52.0386347690001, 52.0460678700001, 52.0535925450001, 52.0645912730001, 52.069256748, 52.0810883870001, 52.0874367000001, 52.094554687, 52.0988812690001, 52.1021646020001, 
52.1015849680001, 52.1024988980001, 52.1034084560001, 52.1056168110001, 52.112952991, 52.103978447, 52.1042163560001, 52.0959401200001, 52.095969976, 52.096034204, 52.0908683700001, 52.0909633580001, 52.0905073070001, 52.08948845, 52.078134839, 52.078568246, 52.0799015000001, 52.077733849, 52.0765486510001, 52.063700887, 52.064115154, 52.067240391, 52.064203573, 52.059072965, 52.056925753, 52.0492081040001, 52.0427309230001, 52.0413493790001, 52.0423262680001, 52.038968389, 52.041198309, 52.0375551930001, 
52.0453265150001, 52.033782859, 52.0394019080001, 52.0335888280001, 52.027676533, 52.0248185840001, 52.0269218500001, 52.0226161360001, 52.0151726240001, 52.0130006460001, 52.0163133610001, 52.0165780560001, 52.014165866, 52.004947718, 51.9989407530001, 51.9964541100001, 51.9970955110001, 51.9906906530001, 51.9900078380001, 51.989790326, 51.979806153, 51.9630225510001, 51.957471137, 51.9328602140001, 51.945981218, 51.944697413, 51.948305314, 51.9516632770001, 51.9605982620001, 51.966528845, 51.9935794790001, 
51.996276784, 52.003439095, 51.9970112070001, 52.0035172090001, 52.006935341, 52.0069757960001, 52.011955648, 52.01584625, 52.015458622, 52.021980839, 52.0247852520001, 52.0224522710001, 52.0247892960001, 52.021228045, 52.026079386, 52.023342218, 52.0298927600001, 52.0378624530001, 52.0416616900001, 52.04893294, 52.049933837, 52.0625943310001, 52.0689883160001, 52.077737862, 52.0809013830001, 52.0812641740001, 52.0814613690001, 52.0892016230001, 52.100252783, 52.1137603110001, 52.114077685, 52.1209388510001, 
52.1283304980001, 52.1280678210001, 52.131693747, 52.1329104170001, 52.137373159, 52.1404276970001, 52.155445334, 52.162011906, 52.1669789250001, 52.1708737710001, 52.1701007720001, 52.1953568220001, 52.1988010910001, 52.200814548, 52.2125779030001, 52.2162617560001, 52.2181285550001, 52.2294244880001, 52.240975479, 52.2480391650001, 52.2553512690001, 52.2594449630001, 52.2590496460001, 52.265070108, 52.2663542560001, 52.277095015, 52.2848743640001, 52.2913910870001, 52.298903114, 52.2938298010001, 
52.282515877, 52.274504688, 52.279266034, 52.2758825660001, 52.2802431530001, 52.286124273, 52.294530507, 52.3039695530001, 52.3110893940001, 52.3141529280001, 52.322577617, 52.3347854790001, 52.337693351, 52.3402417020001, 52.363681156, 52.3692592450001, 52.366664794, 52.361653737, 52.3598076600001, 52.3540867230001)), list(c(1.58186866400007, 1.60910508000006, 1.61936823900004, 1.61948412400005, 1.62379749700006, 1.62925880700004, 1.61036084700004, 1.60827099800002, 1.61327376400004, 1.60871701300005, 
1.60003792300006, 1.59434938500004, 1.59550342100005, 1.59929917300002, 1.59552640800007, 1.59524121500004, 1.58446567800007, 1.58174888900004, 1.57167450800006, 1.56072163100004, 1.56683151900006, 1.58186866400007, 52.339395639, 52.3319348890001, 52.3337134290001, 52.3361193110001, 52.334592872, 52.331886135, 52.3276191510001, 52.3210106070001, 52.3206075730001, 52.320197481, 52.330247646, 52.327297554, 52.324236548, 52.3256186580001, 52.324020187, 52.323975336, 52.320216277, 52.3220866, 52.3290202330001, 
52.3321895670001, 52.338404928, 52.339395639)), list(c(1.53442828700003, 1.51310462900005, 1.49821265300005, 1.50112221500007, 1.51196902000004, 1.52336630700006, 1.53025384100005, 1.53642334600005, 1.53442828700003, 52.0765943480001, 52.0681612670001, 52.0659382970001, 52.069944816, 52.069545357, 52.0806906330001, 52.079810728, 52.0794511720001, 52.0765943480001)), list(c(1.63620800600006, 1.63456732500003, 1.63146782600006, 1.62827316800002, 1.62596277000006, 1.62845681700003, 1.63041316400006, 
1.63239630900006, 1.63462224000006, 1.63287291700004, 1.63252934000008, 1.63425156800002, 1.63682665600004, 1.63689478800006, 1.63620800600006, 52.3304850270001, 52.3282700550001, 52.329500067, 52.3276737210001, 52.3239020950001, 52.3291560050001, 52.329711462, 52.3300235560001, 52.329744039, 52.3320697940001, 52.332526559, 52.331897585, 52.3309570600001, 52.3305056020001, 52.3304850270001)), list(c(1.48159579800006, 1.47197218300005, 1.47775953500008, 1.48159579800006, 52.059389782, 52.0553858040001, 
52.0593448330001, 52.059389782)), list(c(1.62818956700005, 1.62899207900006, 1.62464239400003, 1.62818956700005, 52.3356603980001, 52.332554466, 52.3347819030001, 52.3356603980001)), list(c(1.33099636700007, 1.33063963600006, 1.33039159200007, 1.33099636700007, 52.0562147790001, 52.0556367, 52.0564395710001, 52.0562147790001)), list(c(1.70370828200004, 1.72411567600005, 1.73856765900007, 1.75858154300005, 1.76167937200006, 1.75621564200003, 1.75575392700006, 1.75238874400003, 1.73770144100007, 1.71977125900003, 
1.70900894400006, 1.71493941100005, 1.72130629700007, 1.72823189800005, 1.73722978300003, 1.75430758500005, 1.74834352100004, 1.73995635400007, 1.73153587500002, 1.72664801200006, 1.69520487700004, 1.67364946100002, 1.65776550400005, 1.65268940100003, 1.64993461100005, 1.64413818100007, 1.63735041400003, 1.63688651500007, 1.63657431500008, 1.63628268400004, 1.63473307700002, 1.63256810500008, 1.62899207900006, 1.62818956700005, 1.62464239400003, 1.62411046100004, 1.62379749700006, 1.61948412400005, 
1.61936823900004, 1.60910508000006, 1.58186866400007, 1.56683151900006, 1.56072163100004, 1.55579558000005, 1.56066620100006, 1.55843451800007, 1.54234476400006, 1.51427207700004, 1.49235901600002, 1.48674469200006, 1.48283164700007, 1.48301006000003, 1.48818756000003, 1.48603116700002, 1.47937799500005, 1.46627632200006, 1.44491115800002, 1.44837178300003, 1.43494814100006, 1.42036055900007, 1.40765866500004, 1.37388324900007, 1.37301073400005, 1.36239931900008, 1.35911915000003, 1.34525791300007, 
1.34446706800003, 1.35941073700008, 1.35609546600006, 1.37075313100007, 1.39022266400002, 1.38912828600007, 1.39615873600007, 1.41438114900006, 1.43036644600005, 1.43310673800005, 1.43141389200002, 1.40916592700006, 1.41457914000006, 1.42432365900004, 1.43924380400006, 1.45691418800004, 1.47291825100007, 1.47821752100003, 1.48644544500007, 1.50622911700003, 1.51044807100004, 1.51997678500004, 1.52267476100008, 1.52230481600003, 1.52230868600003, 1.52648138100005, 1.52754717800002, 1.55101901700004, 
1.55536740900004, 1.55748611500007, 1.56025000100004, 1.56462184100008, 1.56030844700007, 1.56026491400007, 1.56055517500005, 1.56703219100007, 1.57075067900007, 1.58203935500006, 1.58369421700007, 1.58471119900003, 1.58949505300006, 1.59850102300004, 1.60503146500002, 1.62588266700004, 1.63291208100003, 1.64469184800004, 1.65207843100006, 1.65678922800004, 1.66191415900005, 1.66900840200003, 1.66995139500006, 1.66946673400003, 1.67448146700002, 1.67498248600003, 1.67961182100004, 1.67932416700006, 
1.68664971700002, 1.68887624500007, 1.68751784500006, 1.70124157200007, 1.70859686800003, 1.70787356000005, 1.69865920400002, 1.69469654300002, 1.68694176600007, 1.68025642400005, 1.68170293300005, 1.67907049900003, 1.67431912300003, 1.67069141500002, 1.66998198000005, 1.65227283600007, 1.64345813300002, 1.64886395500002, 1.62958871400002, 1.62698619400004, 1.63465826300006, 1.62938544200006, 1.63641397200007, 1.63486064200004, 1.65727322000004, 1.66379514400006, 1.68422941000006, 1.68854034700007, 
1.70069029400003, 1.70370828200004, 52.5403705370001, 52.5310397060001, 52.532508234, 52.4904290370001, 52.4820389320001, 52.4729355790001, 52.477332989, 52.4732046340001, 52.474241282, 52.4780286600001, 52.475253309, 52.473288993, 52.477333677, 52.4744775130001, 52.4713206380001, 52.471958263, 52.471064794, 52.4595954070001, 52.445243013, 52.4006006110001, 52.3564542220001, 52.313842542, 52.325309352, 52.3253435550001, 52.325362027, 52.3280115920001, 52.331113547, 52.3316315280001, 52.3316384510001, 
52.3316438410001, 52.3318374340001, 52.333254987, 52.332554466, 52.3356603980001, 52.3347819030001, 52.3350446860001, 52.334592872, 52.3361193110001, 52.3337134290001, 52.3319348890001, 52.339395639, 52.338404928, 52.3321895670001, 52.3329649360001, 52.3320842460001, 52.3303627170001, 52.3386486160001, 52.338147819, 52.3292464210001, 52.3289357300001, 52.3330281550001, 52.3385078840001, 52.3399324170001, 52.3482196140001, 52.346902406, 52.3540867230001, 52.3598076600001, 52.361653737, 52.366664794, 
52.3692592450001, 52.363681156, 52.3900528780001, 52.3950887130001, 52.398887755, 52.4039326450001, 52.4048206850001, 52.409406947, 52.413606197, 52.42465206, 52.4308616610001, 52.4344512280001, 52.437348688, 52.441476068, 52.4453484860001, 52.4455842130001, 52.448438143, 52.4563634630001, 52.4619994600001, 52.4688002670001, 52.4710660430001, 52.4571152610001, 52.45854394, 52.4700364880001, 52.4722682770001, 52.4688753020001, 52.462103346, 52.4627985440001, 52.462145579, 52.4654975390001, 52.467642826, 
52.467651964, 52.4685096520001, 52.468728695, 52.459429766, 52.4579400280001, 52.4577262120001, 52.465426687, 52.464389327, 52.465978599, 52.4659946370001, 52.4663863370001, 52.47512484, 52.4749279810001, 52.476889719, 52.478667268, 52.478883388, 52.4766576960001, 52.47246654, 52.466818265, 52.462575686, 52.463167336, 52.472183111, 52.468266208, 52.46851323, 52.4751968150001, 52.4764592700001, 52.478659899, 52.4823391780001, 52.484613428, 52.4861802720001, 52.489761924, 52.4747325160001, 52.473355661, 
52.470783215, 52.473979711, 52.4716124930001, 52.4753625380001, 52.4779871110001, 52.474464346, 52.476387899, 52.474592182, 52.4775005330001, 52.4956361480001, 52.4965806820001, 52.498285256, 52.5035157190001, 52.5045384370001, 52.5020911510001, 52.5092639690001, 52.5140014580001, 52.520976638, 52.5265155430001, 52.5283358900001, 52.53270051, 52.5341780850001, 52.5378313100001, 52.542646092, 52.5500491510001, 52.5497748860001, 52.545362175, 52.5448206940001, 52.5403705370001)), list(c(1.67991964800007, 
1.68729200000007, 1.68028237700003, 1.67991964800007, 52.4769246210001, 52.47395529, 52.4751667080001, 52.4769246210001)), list(c(1.67102463500004, 1.66531321500003, 1.66417317500003, 1.67102463500004, 52.3143451190001, 52.3120908220001, 52.313442009, 52.3143451190001)), list(c(1.51535119200003, 1.51552562400002, 1.51504388400002, 1.51291066400006, 1.51452178400007, 1.51535119200003, 52.4634586980001, 52.463288016, 52.463417329, 52.463989919, 52.4642702630001, 52.4634586980001))))
c("St Edmundsbury", "Forest Heath"),West Suffolk,E07000245,list(list(list(c(0.682208671000069, 0.692705229000069, 0.703819973000066, 0.717024481000067, 0.715783319000025, 0.683047557000066, 0.666701414000045, 0.682591337000019, 0.700783896000075, 0.710670615000026, 0.689426455000046, 0.673955129000035, 0.667713994000053, 0.620590468000046, 0.612718786000073, 0.601003852000019, 0.599343658000066, 0.588216836000072, 0.587798977000034, 0.592699966000055, 0.599198265000041, 0.592931655000029, 0.593331529000068, 0.561190463000059, 0.558996426000022, 0.564942013000064, 
0.555158326000026, 0.55822659200004, 0.552333477000047, 0.556469441000047, 0.553357270000049, 0.564186265000046, 0.55713322400004, 0.561894572000028, 0.556464014000028, 0.554728941000064, 0.541347236000036, 0.510827896000023, 0.512744429000065, 0.493193864000034, 0.478601712000057, 0.470122037000067, 0.463377853000054, 0.453828276000024, 0.448689380000076, 0.441673102000038, 0.425235180000072, 0.412789967000037, 0.419606700000031, 0.413544375000072, 0.409780470000044, 0.400842954000041, 0.393235211000047, 
0.383336063000058, 0.378754349000076, 0.369526886000074, 0.355702188000066, 0.340964597000038, 0.354942871000048, 0.358585529000038, 0.338282592000041, 0.35350395100005, 0.348929270000042, 0.357500251000033, 0.359014325000032, 0.376145228000041, 0.380998207000061, 0.383637771000053, 0.393627931000026, 0.407819317000076, 0.422476998000036, 0.497064028000068, 0.494106974000033, 0.502960651000024, 0.471136406000028, 0.460357743000031, 0.455765267000061, 0.42905036600007, 0.422490696000068, 0.434591471000033, 
0.440767515000061, 0.425789830000042, 0.418322289000059, 0.417493967000041, 0.405962171000056, 0.380358983000065, 0.373051568000051, 0.423580628000025, 0.421475054000041, 0.427610696000045, 0.443803064000065, 0.476420961000031, 0.494299749000049, 0.499181727000064, 0.522090337000066, 0.528631312000073, 0.538624130000073, 0.542754572000035, 0.553071808000027, 0.580748520000043, 0.59555548000003, 0.607723484000076, 0.613262510000027, 0.620110199000067, 0.618642874000045, 0.62804008300003, 0.627089202000036, 
0.640460845000064, 0.664393408000024, 0.682208671000069, 52.453560393, 52.451412895, 52.4529827090001, 52.4500435950001, 52.4471157310001, 52.4253080500001, 52.409576047, 52.3996026240001, 52.3968162790001, 52.3950253420001, 52.3703298140001, 52.3616247940001, 52.358860668, 52.3082818230001, 52.3098229570001, 52.3190560580001, 52.31311148, 52.304778958, 52.2964574590001, 52.298439586, 52.283562282, 52.2792591990001, 52.265070688, 52.2662563230001, 52.255107681, 52.2480254860001, 52.244337258, 52.234780259, 
52.232021532, 52.228846176, 52.2244725790001, 52.217949036, 52.2113261480001, 52.203236487, 52.204514245, 52.211436668, 52.2168867940001, 52.2154740820001, 52.227201253, 52.2396780170001, 52.2331025120001, 52.240762057, 52.2407950800001, 52.248012729, 52.2437541730001, 52.243056138, 52.254020101, 52.2482789210001, 52.2401101180001, 52.2385376450001, 52.240535988, 52.2358340690001, 52.2310992180001, 52.234292424, 52.232076238, 52.2269759430001, 52.2345770250001, 52.2427609220001, 52.2467059310001, 
52.2506495630001, 52.26810248, 52.279734804, 52.2833728790001, 52.289569612, 52.2982247210001, 52.2916639220001, 52.293678109, 52.2834109440001, 52.280868362, 52.269450485, 52.2562885930001, 52.2734370860001, 52.28078708, 52.2867802870001, 52.3043534720001, 52.3092252640001, 52.316705417, 52.317538395, 52.329624204, 52.333941146, 52.349237143, 52.354108716, 52.3525597490001, 52.3583400740001, 52.361915627, 52.396672112, 52.410125791, 52.430722109, 52.434359923, 52.4368207900001, 52.447764679, 52.44596835, 
52.447673095, 52.4506288110001, 52.448594063, 52.4539874760001, 52.45073617, 52.4520068530001, 52.456421317, 52.4522554330001, 52.454614253, 52.453110183, 52.4494713810001, 52.451659331, 52.4548316240001, 52.454459517, 52.4504767660001, 52.4514421640001, 52.4628997830001, 52.453560393)), list(c(0.85517933400007, 0.865086852000047, 0.889336188000073, 0.903137077000054, 0.917168251000021, 0.934959868000021, 0.945164400000067, 0.965672935000043, 0.965454458000067, 0.951374606000059, 0.956187313000044, 
0.955676107000045, 0.95143433100003, 0.930903356000044, 0.923899381000069, 0.924147378000043, 0.929330769000046, 0.902787003000071, 0.909887283000046, 0.901370440000051, 0.897770415000025, 0.881148031000066, 0.885568895000063, 0.87781321500006, 0.872292698000024, 0.865009491000023, 0.867218112000046, 0.853478751000068, 0.853773707000073, 0.841117686000075, 0.851900537000063, 0.853797354000051, 0.847944976000065, 0.84082862300005, 0.838419456000054, 0.844176362000042, 0.840551105000031, 0.82404761500004, 
0.815933581000024, 0.80764025000002, 0.799828443000024, 0.798352320000049, 0.825351842000032, 0.818175096000061, 0.820197776000043, 0.812432974000046, 0.817640156000039, 0.834568443000023, 0.836351401000059, 0.830951767000045, 0.834496314000035, 0.822796228000072, 0.820718943000031, 0.812395348000052, 0.785148630000037, 0.766920972000037, 0.763282944000025, 0.75977608300002, 0.740228371000057, 0.736572663000061, 0.731013291000068, 0.726399835000052, 0.721037444000046, 0.714205696000022, 0.701593948000038, 
0.692683203000058, 0.695570529000065, 0.689114160000031, 0.690190802000075, 0.684425478000037, 0.680287682000028, 0.67249858200006, 0.673784697000031, 0.661958979000076, 0.661664174000066, 0.643621992000021, 0.644623414000023, 0.639635636000037, 0.635789891000059, 0.638510758000052, 0.63162343700003, 0.635457488000043, 0.625167588000068, 0.631602801000042, 0.62686418800007, 0.634077811000054, 0.630926148000071, 0.635536994000063, 0.652015891000076, 0.655149633000065, 0.650127109000039, 0.632824970000058, 
0.630028325000069, 0.617601878000073, 0.603744147000043, 0.593059393000033, 0.580473267000059, 0.570036772000037, 0.56135297000003, 0.549633522000022, 0.549791768000034, 0.540993783000033, 0.528310231000034, 0.521418078000067, 0.509320879000029, 0.498756802000059, 0.485996346000036, 0.488515376000066, 0.472991125000021, 0.469065092000051, 0.464937921000057, 0.456431807000058, 0.460094951000031, 0.452102127000046, 0.451895751000052, 0.442225473000065, 0.444372758000043, 0.436400561000028, 0.433655479000038, 
0.417062623000049, 0.402917468000055, 0.405371184000046, 0.400250200000073, 0.397786713000073, 0.392499508000071, 0.389129422000053, 0.39327529600007, 0.385143547000041, 0.386966676000043, 0.380083207000041, 0.387867455000048, 0.396617174000028, 0.394639321000056, 0.406852072000049, 0.402981731000068, 0.40827729800003, 0.416556820000039, 0.41915950300006, 0.415549941000052, 0.434187055000052, 0.436554681000075, 0.44257624200003, 0.44279231500002, 0.450824042000022, 0.461085333000028, 0.468997380000076, 
0.475507660000062, 0.489597498000023, 0.485729995000042, 0.49222885100005, 0.49323924700002, 0.500818520000053, 0.501392809000038, 0.510827896000023, 0.541347236000036, 0.554728941000064, 0.556464014000028, 0.561894572000028, 0.55713322400004, 0.564186265000046, 0.553357270000049, 0.556469441000047, 0.552333477000047, 0.55822659200004, 0.555158326000026, 0.564942013000064, 0.558996426000022, 0.561190463000059, 0.593331529000068, 0.592931655000029, 0.599198265000041, 0.592699966000055, 0.587798977000034, 
0.588216836000072, 0.599343658000066, 0.601003852000019, 0.612718786000073, 0.620590468000046, 0.667713994000053, 0.673955129000035, 0.689426455000046, 0.710670615000026, 0.733489861000066, 0.740045977000023, 0.739195252000059, 0.748072522000029, 0.764192301000037, 0.77166005600003, 0.784151217000044, 0.794353341000033, 0.806393181000033, 0.836533076000023, 0.853654452000058, 0.855133573000046, 0.85517933400007, 52.3971452000001, 52.3907513510001, 52.3912047090001, 52.3861896290001, 52.389279828, 
52.3870802650001, 52.3763910010001, 52.370522146, 52.3661448600001, 52.3564722240001, 52.351193998, 52.3409386390001, 52.3372743350001, 52.3361429070001, 52.3277498100001, 52.3196948020001, 52.313285304, 52.306004591, 52.3024774940001, 52.3042625510001, 52.2993855400001, 52.3005541150001, 52.2931373170001, 52.2938239650001, 52.299909364, 52.2982816420001, 52.293876761, 52.2919644200001, 52.2867680510001, 52.2851994480001, 52.2774903850001, 52.2700296770001, 52.265255181, 52.2684470730001, 52.2667543530001, 
52.2621997690001, 52.260439224, 52.2669363630001, 52.2648031790001, 52.2674717830001, 52.2663301910001, 52.251550922, 52.2393924070001, 52.2338046250001, 52.223690639, 52.20747192, 52.199416688, 52.1987259750001, 52.1957714980001, 52.1872724, 52.182601343, 52.180147493, 52.174991656, 52.1711657130001, 52.178326208, 52.1754319500001, 52.1743356960001, 52.1583725680001, 52.159764588, 52.1704032640001, 52.1651873690001, 52.1685321850001, 52.165536762, 52.178120047, 52.181506461, 52.1806402720001, 52.1705546950001, 
52.1667735360001, 52.1582507910001, 52.1597436220001, 52.1564307400001, 52.15716417, 52.159693169, 52.156764185, 52.1611335800001, 52.160609734, 52.157378136, 52.156717557, 52.1506666770001, 52.14625289, 52.1429252290001, 52.133828986, 52.1314365320001, 52.1281495170001, 52.1250595540001, 52.123396923, 52.115673304, 52.1150999710001, 52.0970568800001, 52.085883998, 52.083592702, 52.0867249190001, 52.08230668, 52.077013035, 52.0806703740001, 52.0746207540001, 52.076309732, 52.0695296170001, 52.0712716, 
52.069196978, 52.062501049, 52.0583652060001, 52.059882547, 52.0572185570001, 52.0602759590001, 52.054291746, 52.0629104660001, 52.0675229560001, 52.075635649, 52.073905261, 52.078897501, 52.076564692, 52.072777439, 52.0715836570001, 52.0685901300001, 52.0689609500001, 52.0725598270001, 52.0727546040001, 52.0695257850001, 52.0653482450001, 52.065945083, 52.0712359510001, 52.072928264, 52.0845989640001, 52.084772043, 52.0889225190001, 52.096406469, 52.09774292, 52.0996499350001, 52.1031384630001, 
52.117905776, 52.119227096, 52.1227936930001, 52.1241391460001, 52.12971908, 52.13483137, 52.1347887840001, 52.1560692990001, 52.1597362090001, 52.1599248380001, 52.165663668, 52.1651120400001, 52.171510309, 52.17364823, 52.1714401850001, 52.163688732, 52.1680003070001, 52.1655322410001, 52.1702264840001, 52.1819239330001, 52.189160482, 52.19645308, 52.207460831, 52.2154740820001, 52.2168867940001, 52.211436668, 52.204514245, 52.203236487, 52.2113261480001, 52.217949036, 52.2244725790001, 52.228846176, 
52.232021532, 52.234780259, 52.244337258, 52.2480254860001, 52.255107681, 52.2662563230001, 52.265070688, 52.2792591990001, 52.283562282, 52.298439586, 52.2964574590001, 52.304778958, 52.31311148, 52.3190560580001, 52.3098229570001, 52.3082818230001, 52.358860668, 52.3616247940001, 52.3703298140001, 52.3950253420001, 52.395743177, 52.39309703, 52.388592997, 52.3833308320001, 52.3907613870001, 52.3867317070001, 52.3868938410001, 52.3916461140001, 52.389929205, 52.4011281030001, 52.3998454810001, 52.397369331, 
52.3971452000001))))
c("Aylesbury Vale", "South Bucks", "Chiltern", "Wycombe"),Buckinghamshire,E06000060,list(list(list(c(-0.94160977599995, -0.945944022999925, -0.940833035999958, -0.940869847999977, -0.935298598999964, -0.938640086999953, -0.926260075999949, -0.907586607999974, -0.897539721999976, -0.891530014999944, -0.884699893999937, -0.879270678999944, -0.872886222999966, -0.86851224399993, -0.846441479999953, -0.828773539999929, -0.821384658999932, -0.819563780999943, -0.813811179999959, -0.805073474999972, -0.79081126799997, -0.777850752999939, -0.772779274999948, -0.763354921999962, -0.745223582999927, 
-0.74913124099993, -0.741956370999958, -0.715521769999953, -0.719449555999972, -0.714964626999972, -0.703152742999976, -0.697732683999959, -0.678911199999959, -0.670649755999932, -0.65456637099993, -0.652821872999937, -0.663689552999926, -0.67351664399996, -0.671931982999979, -0.683930179999948, -0.681903357999943, -0.683163331999936, -0.693046867999954, -0.703738126999951, -0.693802384999969, -0.674821487999964, -0.661820459999944, -0.656414323999968, -0.63893999499993, -0.629836922999971, -0.621680395999931, 
-0.610562540999979, -0.58515824899996, -0.570844238999939, -0.570863918999976, -0.56527680399995, -0.568416125999931, -0.565649545999975, -0.539226716999963, -0.54524743099995, -0.550588481999966, -0.555224539999926, -0.55873364699994, -0.562064140999951, -0.559943536999924, -0.562382475999925, -0.568738458999974, -0.574017861999948, -0.583416686999954, -0.593244887999958, -0.596422472999961, -0.613457460999939, -0.63452617799993, -0.637534993999964, -0.649354906999974, -0.660614713999962, -0.668796590999932, 
-0.688634467999975, -0.697030879999943, -0.68834908499997, -0.693950861999951, -0.701357548999965, -0.70865492799993, -0.716202216999932, -0.723664553999924, -0.724192048999953, -0.732762868999941, -0.737909531999946, -0.747250917999963, -0.740684764999969, -0.724977291999949, -0.72079225899995, -0.710872231999929, -0.702725383999962, -0.684229803999926, -0.68376965799996, -0.691769902999965, -0.683079539999937, -0.677765659999977, -0.675049229999956, -0.694355440999971, -0.690807039999925, -0.696400657999959, 
-0.715121490999934, -0.725759214999925, -0.718916558999979, -0.721862868999949, -0.714820546999931, -0.730128845999957, -0.738206911999953, -0.751059101999942, -0.766353503999937, -0.762773139999979, -0.77614405199995, -0.783729930999925, -0.781002344999933, -0.786874953999927, -0.800142274999928, -0.807543971999962, -0.810497934999944, -0.813886942999943, -0.828436824999926, -0.840928283999972, -0.836626714999966, -0.854598650999947, -0.863975675999939, -0.857950873999926, -0.878515243999971, -0.892184563999933, 
-0.906102715999964, -0.905690519999951, -0.914330376999942, -0.919846355999937, -0.925620949999939, -0.929925741999966, -0.934816608999938, -0.946473053999966, -0.955217645999937, -0.982960641999966, -0.984767197999929, -1.00305676799996, -1.00893076899996, -1.03306041199994, -1.03114176699995, -1.03508756399998, -1.04700302999993, -1.05650366199995, -1.06791416099998, -1.07442071099996, -1.08237951999996, -1.08432861799997, -1.08037712499993, -1.08447670299995, -1.10788714199992, -1.11690717199997, 
-1.12346752199994, -1.12151662499997, -1.12506544799993, -1.11893120399998, -1.12641442499995, -1.11162361099997, -1.14219980699994, -1.12270874999996, -1.10404994499993, -1.08591038199995, -1.07384485199998, -1.07313925799997, -1.06344027899996, -1.04865842099997, -1.06353994499995, -1.06756479299997, -1.06617648799994, -1.07069970799995, -1.07913786699993, -1.07169883299997, -1.07195118599998, -1.07834262199998, -1.09505045999992, -1.08578684299994, -1.08781198899993, -1.08089075599997, -1.08820696699996, 
-1.07706975399998, -1.07908386299994, -1.06364827899995, -1.05745633399994, -1.05803464799993, -1.08048626599998, -1.08344519899993, -1.09676848599997, -1.07972112699997, -1.05471013999994, -1.06238466899993, -1.07546400799993, -1.07869022499995, -1.08959607299994, -1.09745230799996, -1.10440992699995, -1.11351092999996, -1.11961694599995, -1.13768677499996, -1.13278611699997, -1.11875549699994, -1.08481092199997, -1.07818846399994, -1.07319370899995, -1.06360358199993, -1.05449866899994, -1.04159033599996, 
-1.03248969099997, -1.02794827199995, -1.03109392499994, -1.04386878699995, -1.02786135299993, -1.00908667399995, -0.969356175999962, -0.962314695999964, -0.953425785999968, -0.94160977599995, 52.0762618000001, 52.0704526540001, 52.0677746440001, 52.0625814570001, 52.0630581200001, 52.0592405790001, 52.036889118, 52.021648514, 52.028506931, 52.03201777, 52.028683712, 52.0302710760001, 52.0406772420001, 52.040523895, 52.0231111160001, 52.015640546, 52.0127170330001, 52.0065037110001, 52.0064477430001, 
51.985938403, 51.9883830200001, 51.9890601540001, 51.983348133, 51.9857749220001, 51.9756841560001, 51.973994157, 51.9703001400001, 51.9783074110001, 51.9828524430001, 51.990252023, 51.987397634, 51.982643146, 51.977159977, 51.9789253330001, 51.9696679410001, 51.9687202000001, 51.9560130360001, 51.9564297960001, 51.9442615180001, 51.9431780140001, 51.9359442150001, 51.9355843320001, 51.927497982, 51.9095645400001, 51.900609048, 51.9022642200001, 51.8950004230001, 51.8883389920001, 51.8830531770001, 
51.882582563, 51.8859351660001, 51.8760147580001, 51.8707762970001, 51.8585246210001, 51.852218909, 51.8516941500001, 51.8512631240001, 51.8475513750001, 51.831868576, 51.8249763860001, 51.8284443690001, 51.827170811, 51.831424107, 51.830643088, 51.8252461860001, 51.826840379, 51.82026397, 51.8198920790001, 51.807365804, 51.8085958440001, 51.814482205, 51.8125040200001, 51.8204040800001, 51.818478156, 51.814064312, 51.8158941130001, 51.816268398, 51.8395705950001, 51.8415653480001, 51.8496942260001, 
51.8575224860001, 51.8584648610001, 51.8548671610001, 51.8581080610001, 51.8551514380001, 51.8504614670001, 51.849423949, 51.842860536, 51.8425477270001, 51.835208908, 51.8180819780001, 51.8165953390001, 51.820996634, 51.8153203840001, 51.797669845, 51.795044891, 51.7928001600001, 51.7885208110001, 51.778927653, 51.768936416, 51.759180916, 51.7540824770001, 51.7498327270001, 51.7518917680001, 51.7495782670001, 51.7426216270001, 51.7405958040001, 51.7239493590001, 51.7190486490001, 51.7196319600001, 
51.734555992, 51.750524598, 51.7588427950001, 51.7765095980001, 51.775257728, 51.7724649, 51.770224994, 51.781838361, 51.7804913100001, 51.7829136120001, 51.780424227, 51.7812928660001, 51.7784030080001, 51.769493298, 51.770208263, 51.7676694630001, 51.761289054, 51.748528193, 51.7523438700001, 51.7522466880001, 51.747185754, 51.7374950650001, 51.737721132, 51.7481724300001, 51.746383919, 51.7528546180001, 51.754095147, 51.7583177070001, 51.760484831, 51.7529296750001, 51.7552690090001, 51.756401054, 
51.7576942960001, 51.7464819190001, 51.7450237410001, 51.7450624890001, 51.752643327, 51.75408652, 51.758784022, 51.7570150500001, 51.764574886, 51.7717255000001, 51.780754066, 51.7820883100001, 51.7873562660001, 51.787537537, 51.7927489410001, 51.7946372650001, 51.7996224070001, 51.807965423, 51.8177582260001, 51.8351401260001, 51.8457908820001, 51.8407372720001, 51.8310304, 51.8314746020001, 51.834394424, 51.8328360300001, 51.8402647250001, 51.8446140020001, 51.8532656830001, 51.8691438920001, 
51.8750907080001, 51.877176154, 51.8825081890001, 51.889160142, 51.888224146, 51.894379868, 51.8999873340001, 51.9057611470001, 51.9176623050001, 51.923085321, 51.9303767440001, 51.9320817020001, 51.935574854, 51.9430357480001, 51.9496642130001, 51.9438030320001, 51.9514343100001, 51.957556981, 51.981488454, 52.002964347, 52.009038102, 52.006749261, 52.0092503560001, 52.0062093020001, 52.0153953650001, 52.0125158710001, 52.017017659, 52.0158515730001, 52.0204584790001, 52.033292406, 52.047766256, 
52.052782031, 52.0592714700001, 52.058555396, 52.0631552580001, 52.0600808550001, 52.0663441340001, 52.0633175840001, 52.064837283, 52.0705258780001, 52.0741289800001, 52.0761008630001, 52.072514965, 52.0713311380001, 52.0790636350001, 52.081952695, 52.0762618000001)), list(c(-0.675049229999956, -0.645247704999974, -0.630070952999972, -0.615351036999925, -0.614520481999932, -0.587967036999942, -0.584085651999942, -0.574350698999979, -0.56528882899994, -0.56717146799997, -0.560834406999959, -0.562235173999966, 
-0.555309876999956, -0.551672501999974, -0.555186017999972, -0.552002861999938, -0.562890487999937, -0.564797112999941, -0.549256579999962, -0.545605771999931, -0.550283650999972, -0.540477504999956, -0.525862821999965, -0.526523932999964, -0.51248852599997, -0.506699487999924, -0.516308804999937, -0.522584569999935, -0.525843416999976, -0.53421442299998, -0.538479289999941, -0.538253361999978, -0.532515500999978, -0.538978025999938, -0.540846602999977, -0.535716896999929, -0.530809460999933, -0.524087598999927, 
-0.531422454999927, -0.544457057999978, -0.550502500999926, -0.577154620999977, -0.579497185999969, -0.588820017999979, -0.597768800999972, -0.61022765499996, -0.614359087999958, -0.612693091999972, -0.618279431999952, -0.610476616999961, -0.619669865999924, -0.623801071999935, -0.641818852999961, -0.644268110999974, -0.655468274999976, -0.662579731999926, -0.676948495999966, -0.67747808799993, -0.675868871999967, -0.680648120999933, -0.690671196999972, -0.690268231999937, -0.698875068999939, -0.69345603599993, 
-0.696272706999935, -0.696689092999975, -0.708432279999954, -0.707133935999934, -0.720534216999965, -0.732583044999956, -0.737649757999975, -0.749302849999935, -0.759562957999947, -0.763672799999938, -0.755931669999939, -0.751747265999938, -0.743733211999938, -0.738206911999953, -0.730128845999957, -0.714820546999931, -0.721862868999949, -0.718916558999979, -0.725759214999925, -0.715121490999934, -0.696400657999959, -0.690807039999925, -0.694355440999971, -0.675049229999956, 51.768936416, 51.7545544000001, 
51.7550672080001, 51.751381248, 51.747895686, 51.7525839680001, 51.745795134, 51.73633442, 51.7400874470001, 51.7370166960001, 51.7378024130001, 51.734546972, 51.7345357660001, 51.7310466550001, 51.728882673, 51.7235155910001, 51.7184920810001, 51.7123540810001, 51.7036571200001, 51.697294185, 51.683150068, 51.6803135000001, 51.682591846, 51.679200693, 51.6802969300001, 51.6735577000001, 51.665934699, 51.6685267340001, 51.6584197270001, 51.6634891510001, 51.6611067360001, 51.652852959, 51.649617538, 
51.6433919150001, 51.6385250610001, 51.6376367220001, 51.6164486500001, 51.605551817, 51.6025986180001, 51.5924770780001, 51.595282442, 51.589880276, 51.592241834, 51.5920216000001, 51.5957916450001, 51.5986954970001, 51.6078134150001, 51.6111680340001, 51.616281348, 51.6291396570001, 51.6344816440001, 51.629351371, 51.6351911520001, 51.619573646, 51.6187089380001, 51.6113898630001, 51.6083437410001, 51.608703124, 51.6142843810001, 51.6210902930001, 51.6189565820001, 51.6297967, 51.646468601, 51.6553587610001, 
51.6580997980001, 51.658097228, 51.6629389400001, 51.6651777110001, 51.673970776, 51.6760226540001, 51.683843338, 51.6853695410001, 51.6945462350001, 51.7028374910001, 51.7080072350001, 51.7035673670001, 51.7087666690001, 51.7196319600001, 51.7190486490001, 51.7239493590001, 51.7405958040001, 51.7426216270001, 51.7495782670001, 51.7518917680001, 51.7498327270001, 51.7540824770001, 51.759180916, 51.768936416)), list(c(-0.641818852999961, -0.623801071999935, -0.619669865999924, -0.610476616999961, 
-0.618279431999952, -0.612693091999972, -0.614359087999958, -0.61022765499996, -0.597768800999972, -0.588820017999979, -0.579497185999969, -0.577154620999977, -0.550502500999926, -0.544457057999978, -0.531422454999927, -0.524087598999927, -0.51942293299993, -0.502184378999971, -0.490799703999926, -0.485583539999936, -0.48438287099998, -0.478576567999937, -0.478919292999933, -0.486975527999959, -0.49261759999996, -0.497076129999925, -0.491252467999971, -0.493216778999965, -0.49137198699998, -0.487121821999949, 
-0.484759994999933, -0.491608812999971, -0.533397812999965, -0.530326926999976, -0.528561065999952, -0.553594375999978, -0.565546104999953, -0.570219870999949, -0.566620309999962, -0.576669673999959, -0.569584152999937, -0.568784380999944, -0.57755386599996, -0.582565380999938, -0.596554691999927, -0.597793321999973, -0.608653990999926, -0.612106192999931, -0.619376144999933, -0.621272072999943, -0.626338897999972, -0.641289817999962, -0.66164297499995, -0.661707523999951, -0.656543142999965, -0.655463956999938, 
-0.660834719999968, -0.655479335999928, -0.655028324999932, -0.644535295999958, -0.643776901999956, -0.646011533999967, -0.635393353999973, -0.64803715499994, -0.653292811999961, -0.663846387999968, -0.680059576999952, -0.690027379999947, -0.704723795999939, -0.703611585999965, -0.694239892999974, -0.695739823999929, -0.679698081999959, -0.673702956999932, -0.678127461999964, -0.674226267999927, -0.671032457999956, -0.68173726699996, -0.676948495999966, -0.662579731999926, -0.655468274999976, -0.644268110999974, 
-0.641818852999961, 51.6351911520001, 51.629351371, 51.6344816440001, 51.6291396570001, 51.616281348, 51.6111680340001, 51.6078134150001, 51.5986954970001, 51.5957916450001, 51.5920216000001, 51.592241834, 51.589880276, 51.595282442, 51.5924770780001, 51.6025986180001, 51.605551817, 51.6007404900001, 51.6001810970001, 51.578255567, 51.5755503720001, 51.5633178630001, 51.5601220390001, 51.5557694080001, 51.5512188610001, 51.545057055, 51.5389283660001, 51.530563009, 51.519398816, 51.51202942, 51.510530685, 
51.5071510760001, 51.4952523000001, 51.4938985480001, 51.4975716550001, 51.5100075870001, 51.509597813, 51.5107011860001, 51.5118658810001, 51.521192424, 51.5297986640001, 51.530785189, 51.5334430230001, 51.534408311, 51.5235736340001, 51.524736171, 51.5284283180001, 51.532605334, 51.531999768, 51.535092047, 51.5383763070001, 51.5385022360001, 51.537628865, 51.5280248060001, 51.5208552570001, 51.5193065130001, 51.5126920980001, 51.505402458, 51.5047253270001, 51.5010077700001, 51.5031941560001, 51.501128216, 
51.4969867290001, 51.4931971460001, 51.4904942950001, 51.4859864700001, 51.4884285850001, 51.495064982, 51.5089715130001, 51.511605294, 51.5244446240001, 51.544519048, 51.562667532, 51.564201009, 51.573176452, 51.5774780770001, 51.5817209510001, 51.5932101290001, 51.6053282070001, 51.6083437410001, 51.6113898630001, 51.6187089380001, 51.619573646, 51.6351911520001)), list(c(-0.810497934999944, -0.807543971999962, -0.800142274999928, -0.786874953999927, -0.781002344999933, -0.783729930999925, -0.77614405199995, 
-0.762773139999979, -0.766353503999937, -0.751059101999942, -0.738206911999953, -0.743733211999938, -0.751747265999938, -0.755931669999939, -0.763672799999938, -0.759562957999947, -0.749302849999935, -0.737649757999975, -0.732583044999956, -0.720534216999965, -0.707133935999934, -0.708432279999954, -0.696689092999975, -0.696272706999935, -0.69345603599993, -0.698875068999939, -0.690268231999937, -0.690671196999972, -0.680648120999933, -0.675868871999967, -0.67747808799993, -0.676948495999966, -0.68173726699996, 
-0.671032457999956, -0.674226267999927, -0.678127461999964, -0.673702956999932, -0.679698081999959, -0.695739823999929, -0.70037539499998, -0.707029746999979, -0.712762745999953, -0.71846700499998, -0.729423506999979, -0.750388124999972, -0.759016542999973, -0.774781813999937, -0.784069501999966, -0.792525807999937, -0.79602138499996, -0.811760282999956, -0.826438387999929, -0.830432427999938, -0.839143479999962, -0.844288689999928, -0.86406829699996, -0.874290787999939, -0.88126514399994, -0.888911460999964, 
-0.898421825999947, -0.904734757999961, -0.90324076099995, -0.922932013999969, -0.92567298199998, -0.940876138999954, -0.943066524999949, -0.92641823699995, -0.918408148999958, -0.921611393999967, -0.930791136999972, -0.935042604999978, -0.94469292499997, -0.940104381999959, -0.951330954999946, -0.951567485999931, -0.936939361999976, -0.939078012999971, -0.952265059999945, -0.946523353999964, -0.947857433999957, -0.934710535999955, -0.930972560999976, -0.928793067999948, -0.924640946999943, -0.933755142999928, 
-0.926432270999953, -0.919273407999924, -0.911926392999931, -0.89629204299996, -0.879255289999946, -0.885682939999924, -0.899443232999943, -0.888311955999939, -0.881445052999936, -0.89632133799995, -0.88810794099993, -0.889233175999948, -0.898714610999946, -0.905576795999934, -0.914330376999942, -0.905690519999951, -0.906102715999964, -0.892184563999933, -0.878515243999971, -0.857950873999926, -0.863975675999939, -0.854598650999947, -0.836626714999966, -0.840928283999972, -0.828436824999926, -0.813886942999943, 
-0.810497934999944, 51.7829136120001, 51.7804913100001, 51.781838361, 51.770224994, 51.7724649, 51.775257728, 51.7765095980001, 51.7588427950001, 51.750524598, 51.734555992, 51.7196319600001, 51.7087666690001, 51.7035673670001, 51.7080072350001, 51.7028374910001, 51.6945462350001, 51.6853695410001, 51.683843338, 51.6760226540001, 51.673970776, 51.6651777110001, 51.6629389400001, 51.658097228, 51.6580997980001, 51.6553587610001, 51.646468601, 51.6297967, 51.6189565820001, 51.6210902930001, 51.6142843810001, 
51.608703124, 51.6083437410001, 51.6053282070001, 51.5932101290001, 51.5817209510001, 51.5774780770001, 51.573176452, 51.564201009, 51.562667532, 51.5660824450001, 51.5627376, 51.5648155040001, 51.5776843670001, 51.577732445, 51.5689001170001, 51.565308181, 51.567800554, 51.556660418, 51.5533302970001, 51.5516499020001, 51.5532190870001, 51.5506587830001, 51.5461223070001, 51.54747917, 51.5452508050001, 51.5495113010001, 51.5608005660001, 51.562616776, 51.5599606820001, 51.545354155, 51.5463698360001, 
51.5565755800001, 51.5651354390001, 51.5639027570001, 51.5745005950001, 51.585946596, 51.591373295, 51.599796838, 51.604073509, 51.6048074540001, 51.6021102120001, 51.605516693, 51.6184245110001, 51.6211585820001, 51.629387137, 51.6361370590001, 51.6421279190001, 51.651218767, 51.65026836, 51.6542613510001, 51.6530793410001, 51.656226233, 51.6519214580001, 51.6574738670001, 51.6653445420001, 51.665903606, 51.6728757290001, 51.674324647, 51.6687305200001, 51.6688614600001, 51.674250391, 51.676875845, 
51.681865175, 51.6813396520001, 51.6929953860001, 51.7055549980001, 51.7188130960001, 51.723317514, 51.732463754, 51.7374950650001, 51.747185754, 51.7522466880001, 51.7523438700001, 51.748528193, 51.761289054, 51.7676694630001, 51.770208263, 51.769493298, 51.7784030080001, 51.7812928660001, 51.780424227, 51.7829136120001))))
c("North Dorset", "East Dorset", "West Dorset", "Weymouth and Portland", "Purbeck"),Dorset,E06000059,list(list(list(c(-1.88179290199997, -1.87503755899996, -1.86488266399994, -1.85245336499997, -1.84171695499992, -1.83584961899993, -1.81205835199995, -1.82180579599998, -1.81794060999994, -1.82635066699993, -1.84126595599997, -1.84995039999995, -1.84543847899994, -1.84937185299998, -1.84922631999996, -1.85493270199993, -1.85233713899993, -1.83091393299998, -1.81622969799997, -1.81277110099995, -1.80696376199995, -1.80689548499993, -1.80134117099993, -1.80475642299996, -1.79201387399996, -1.79805332899997, 
-1.79583521299998, -1.80503239999996, -1.80315363199998, -1.80867031299994, -1.80427059799996, -1.81322806499998, -1.81113152799998, -1.80277022199994, -1.80530134699995, -1.83524304499997, -1.84662484799998, -1.85800914699996, -1.86598878199993, -1.86587342199994, -1.86671426499993, -1.87477116299993, -1.88489938599997, -1.89527964699994, -1.91560757999997, -1.92060691699993, -1.92088910199993, -1.93397034899994, -1.93850640799997, -1.93662169099997, -1.94226238899995, -1.95368892099998, -1.96767127599998, 
-1.99247015399993, -2.00724734799996, -2.00050627599995, -2.01069240699996, -2.01162762799993, -2.01407572799997, -2.01410686399993, -2.02586996099996, -2.03545498399995, -2.04972901599996, -2.05633849899993, -2.06521137099998, -2.05977503199995, -2.06552175799993, -2.07190830699994, -2.07424752599997, -2.08012006299992, -2.08887222899995, -2.09112435499998, -2.07555164699994, -2.07065266699993, -2.10190601099993, -2.10877634299993, -2.12038190599998, -2.12145830499998, -2.13333281699994, -2.13617286499993, 
-2.13818879299993, -2.16001640299993, -2.16523675999997, -2.16099471999996, -2.13003071699995, -2.11213694799994, -2.11050757099997, -2.11694378099997, -2.11699363999998, -2.11082328299995, -2.09927339399997, -2.08106954699997, -2.06643105799998, -2.06839449299997, -2.05525784399993, -2.05607157699995, -2.06181506199994, -2.04128233499995, -2.06732912399997, -2.06072264999995, -2.06462955599994, -2.05431072999994, -2.05956508499997, -2.06865442199995, -2.05970053599998, -2.04260052599994, -2.03858398799997, 
-1.99541765999993, -1.98659240099994, -1.96674325999993, -1.95820715199994, -1.95685156899998, -1.94621678799996, -1.94060751199993, -1.93127742699994, -1.92237548799994, -1.91057361799994, -1.88179290199997, 50.9255154520001, 50.917785763, 50.9199486110001, 50.9293933820001, 50.9324418360001, 50.9299045110001, 50.927762961, 50.912667377, 50.9045107690001, 50.8963342170001, 50.898453095, 50.8904513890001, 50.887393914, 50.882904184, 50.8702531270001, 50.8670719930001, 50.859292952, 50.8558876760001, 
50.859269716, 50.865161728, 50.8597871210001, 50.8525605950001, 50.8490194830001, 50.845047385, 50.836886355, 50.8337939690001, 50.8316024920001, 50.830596771, 50.821549976, 50.816874555, 50.814087183, 50.8093056920001, 50.8055330880001, 50.8002916820001, 50.796542856, 50.800617871, 50.8101805740001, 50.8054609120001, 50.8071948400001, 50.796362679, 50.7745006820001, 50.7639607260001, 50.772663198, 50.780669163, 50.7739984720001, 50.7752634720001, 50.7845789300001, 50.780567773, 50.783363912, 50.7948738970001, 
50.799381517, 50.791079338, 50.7914427360001, 50.7919800830001, 50.791500743, 50.7887028280001, 50.7831644660001, 50.77436435, 50.7490806320001, 50.7488800830001, 50.7434336330001, 50.7560920970001, 50.7627253750001, 50.7570485730001, 50.763635632, 50.767381765, 50.77968816, 50.7781090510001, 50.7714222920001, 50.7760544450001, 50.7744493760001, 50.7781863230001, 50.7817203870001, 50.787068945, 50.7863911100001, 50.793566421, 50.791301709, 50.7873991120001, 50.782721268, 50.774646325, 50.784060793, 
50.7926484430001, 50.8006652180001, 50.8032130600001, 50.806026613, 50.815339721, 50.81771238, 50.8180477450001, 50.820380947, 50.819769281, 50.8303177780001, 50.8343340500001, 50.84142948, 50.8439162760001, 50.8507460220001, 50.855347384, 50.855726663, 50.865916767, 50.8917187860001, 50.895753283, 50.9100591440001, 50.9199746410001, 50.944188325, 50.9523725450001, 50.964193858, 50.968617921, 50.972519698, 50.976278225, 50.985304802, 50.9925855930001, 50.9903791450001, 50.978816829, 50.9762994160001, 
50.9702087900001, 50.968347915, 50.962048505, 50.945881946, 50.9255154520001)), list(c(-2.29261744899998, -2.26997067999997, -2.24604268399997, -2.22716362099993, -2.21934977599994, -2.20668042699998, -2.19456753899993, -2.19019538199996, -2.18996253099994, -2.17774843199993, -2.17946112499993, -2.17315895399997, -2.14951006799993, -2.12113014299996, -2.12201711299997, -2.12082696299996, -2.11188748999996, -2.10422793999993, -2.08423310199993, -2.06865442199995, -2.05956508499997, -2.05431072999994, 
-2.06462955599994, -2.06072264999995, -2.06732912399997, -2.04128233499995, -2.06181506199994, -2.05607157699995, -2.05525784399993, -2.06839449299997, -2.06643105799998, -2.08106954699997, -2.09927339399997, -2.11082328299995, -2.11699363999998, -2.11694378099997, -2.11050757099997, -2.11213694799994, -2.13003071699995, -2.16099471999996, -2.16523675999997, -2.16001640299993, -2.13818879299993, -2.13617286499993, -2.15196137799995, -2.16086698999993, -2.16262230799992, -2.18736938799998, -2.19821778099993, 
-2.19981135699993, -2.21071334199996, -2.21355146499997, -2.22116008999996, -2.23376556299996, -2.24305761299996, -2.25909280199994, -2.26080670099998, -2.26921613199994, -2.26730064999992, -2.26744549299997, -2.28139790999995, -2.30699774199996, -2.30847054799995, -2.29569922799993, -2.29758473699997, -2.30848076499996, -2.30075243899995, -2.31841767599997, -2.30505419099995, -2.30768453399997, -2.31204356899997, -2.32139971399994, -2.33437027199994, -2.32335162899994, -2.32520804899997, -2.35502599399996, 
-2.35326279699996, -2.36202348899997, -2.36922962999995, -2.37013010299995, -2.38083729199997, -2.40065670899997, -2.40515451699997, -2.39696571899998, -2.40928444799994, -2.42393111999996, -2.42507136899997, -2.42924768799998, -2.43601440999993, -2.43897534299992, -2.44571171299998, -2.45396749999998, -2.46446930699994, -2.46955138199996, -2.48150945799995, -2.47648572399993, -2.46623164699997, -2.46014676699997, -2.44982214799995, -2.42852173399996, -2.40413398799996, -2.40086639199995, -2.41032266699995, 
-2.41283647899996, -2.43074967499996, -2.44364886399995, -2.44801205399995, -2.44465204299996, -2.43154978999996, -2.42535540299997, -2.41625535499998, -2.38487446799996, -2.34589438399996, -2.34519073199993, -2.35628719199997, -2.37909419399995, -2.38309033899998, -2.37699109099998, -2.37938245099997, -2.37048347999996, -2.36201205799995, -2.35110837699995, -2.33135678799994, -2.33397918299994, -2.34144995099996, -2.34582676899993, -2.35131755099997, -2.34501070099998, -2.33571409999996, -2.32719611699997, 
-2.29261744899998, 51.0776097360001, 51.069276503, 51.072845914, 51.058119908, 51.055716229, 51.043333364, 51.038252658, 51.0258116740001, 51.0190749180001, 51.0133614360001, 51.008804727, 51.001545794, 50.9868248720001, 50.9787387800001, 50.969957003, 50.9602306030001, 50.956039763, 50.9461601180001, 50.951890281, 50.9523725450001, 50.944188325, 50.9199746410001, 50.9100591440001, 50.895753283, 50.8917187860001, 50.865916767, 50.855726663, 50.855347384, 50.8507460220001, 50.8439162760001, 50.84142948, 
50.8343340500001, 50.8303177780001, 50.819769281, 50.820380947, 50.8180477450001, 50.81771238, 50.815339721, 50.806026613, 50.8032130600001, 50.8006652180001, 50.7926484430001, 50.784060793, 50.774646325, 50.767696963, 50.7681641840001, 50.774693229, 50.7681811310001, 50.7666022110001, 50.770246501, 50.769236408, 50.7731596030001, 50.7739852330001, 50.7817949440001, 50.776808058, 50.7782031690001, 50.7707084530001, 50.76596334, 50.7604945240001, 50.759291191, 50.7650596300001, 50.7639007080001, 50.769450858, 
50.774103892, 50.779159534, 50.7804771890001, 50.7892336200001, 50.7999918530001, 50.804610552, 50.809497757, 50.8141248150001, 50.810265411, 50.812413845, 50.8156963420001, 50.820792935, 50.8282263850001, 50.8387517450001, 50.846551946, 50.8477989290001, 50.845119358, 50.8479531290001, 50.8376327570001, 50.842977031, 50.8629815940001, 50.8626171000001, 50.8579709810001, 50.867442915, 50.869800497, 50.867552706, 50.8693399090001, 50.862630933, 50.8620352930001, 50.8683204000001, 50.8742109560001, 
50.8769504480001, 50.8819685400001, 50.883018812, 50.894685979, 50.8872778320001, 50.8854527840001, 50.8939135140001, 50.906739353, 50.9223613630001, 50.918849466, 50.9252278490001, 50.925107585, 50.9302816640001, 50.937944336, 50.940033638, 50.9590650000001, 50.9611298190001, 50.9729047540001, 50.9793746720001, 50.984925203, 50.99144018, 50.9919563380001, 51.0024882540001, 51.0098179650001, 51.012254946, 51.0148163600001, 51.025714249, 51.0306171500001, 51.041882436, 51.051126819, 51.0565988370001, 
51.056018592, 51.069335107, 51.0751739130001, 51.075795344, 51.080208994, 51.0776097360001)), list(c(-2.10877634299993, -2.10190601099993, -2.07065266699993, -2.07555164699994, -2.09112435499998, -2.08887222899995, -2.08012006299992, -2.07424752599997, -2.07190830699994, -2.06552175799993, -2.05977503199995, -2.06521137099998, -2.05633849899993, -2.04972901599996, -2.03545498399995, -2.02586996099996, -2.01410686399993, -2.01798404099998, -2.02388986599993, -2.02823669299994, -2.03700486499997, -2.03679886899994, 
-2.03676337699994, -2.04218089599993, -2.05133802299997, -2.05471253499996, -2.04815907499994, -2.04729644499997, -2.04350546899997, -2.04551233499996, -2.04210325599996, -2.04830737699996, -2.04299147699993, -2.05696725899998, -2.06426532999996, -2.07222042399997, -2.07270681299997, -2.05899556699995, -2.07352407099995, -2.07241559799996, -2.08457693499997, -2.09223636199994, -2.10287991299992, -2.09247091999993, -2.08521210399994, -2.08074964699995, -2.07977587299996, -2.08504538499994, -2.09201459599996, 
-2.09257385099994, -2.08972932199993, -2.08940103399993, -2.09690504299994, -2.10007492699998, -2.11173882099996, -2.11893961099997, -2.11168854099998, -2.10013477399997, -2.09664134399998, -2.09072598499995, -2.08852876199995, -2.09152825799993, -2.09204494599993, -2.09179753299998, -2.08559824299994, -2.08255722699994, -2.06708483199998, -2.05588343999995, -2.04438312099995, -2.04124060699996, -2.02761583299997, -2.01945140599997, -2.03456879399994, -2.03054569099993, -2.03164871599995, -2.02742343099993, 
-2.02536366799995, -2.02922974599994, -2.02582332599997, -2.03826339499994, -2.04775195199994, -2.05403451099994, -2.04783019299992, -2.05248057299997, -2.04867691499993, -2.04788303899994, -2.03646777599994, -2.02608781199996, -2.03117317999994, -2.02827256199993, -2.02795202399994, -2.03406363799996, -2.03597406099993, -2.04632167699998, -2.03624579799992, -2.03351423799995, -2.03018274199997, -2.02624365799994, -2.02862508799996, -2.02416072999995, -2.02736840399996, -2.02457379599997, -2.02239672399998, 
-2.02343275199996, -2.01281698499997, -2.00536492099997, -2.01433429899993, -2.01078694899996, -2.01094446399998, -2.00853427899995, -1.99994341899998, -1.99715443599996, -2.00326144499996, -1.99710236499993, -1.99328732899994, -1.97973848499993, -1.98662072699994, -1.98214754499998, -1.97608057499997, -1.97957759199994, -1.97414003899996, -1.96949224299993, -1.97247476699994, -1.96485771999994, -1.96271482499998, -1.95942849199997, -1.95120376299997, -1.94311010199993, -1.95367229899995, -1.95076792899994, 
-1.94220281999998, -1.92513630799994, -1.93441811399993, -1.94518136899995, -1.95836499899997, -1.95438241499994, -1.94546347599993, -1.95396337299997, -1.95265894399995, -1.96235803599996, -1.98950820399995, -2.02804656799998, -2.04099824999997, -2.05662136099994, -2.06323508099996, -2.06472305299997, -2.07426378099996, -2.07838813999996, -2.10439783099997, -2.12859732799996, -2.13576656099997, -2.14738420899994, -2.15912035499997, -2.18884482699997, -2.18617006399995, -2.19448673899996, -2.20854768299995, 
-2.22174480799993, -2.22555719099995, -2.24048102099994, -2.24728610999995, -2.24737986499997, -2.25097270399993, -2.27440468199995, -2.32553285699993, -2.32357746599996, -2.32971005099995, -2.32503060099998, -2.32683597799996, -2.30745251399998, -2.29845903799998, -2.30267626599993, -2.32377371999996, -2.31872294499993, -2.31032586199996, -2.30939125499998, -2.31270340299994, -2.30501379999993, -2.30037734899997, -2.29455114399997, -2.28583048299993, -2.26281557499993, -2.26744549299997, -2.26730064999992, 
-2.26921613199994, -2.26080670099998, -2.25909280199994, -2.24305761299996, -2.23376556299996, -2.22116008999996, -2.21355146499997, -2.21071334199996, -2.19981135699993, -2.19821778099993, -2.18736938799998, -2.16262230799992, -2.16086698999993, -2.15196137799995, -2.13617286499993, -2.13333281699994, -2.12145830499998, -2.12038190599998, -2.10877634299993, 50.793566421, 50.7863911100001, 50.787068945, 50.7817203870001, 50.7781863230001, 50.7744493760001, 50.7760544450001, 50.7714222920001, 50.7781090510001, 
50.77968816, 50.767381765, 50.763635632, 50.7570485730001, 50.7627253750001, 50.7560920970001, 50.7434336330001, 50.7488800830001, 50.73691532, 50.7371462400001, 50.729907903, 50.728521637, 50.729460429, 50.7294811140001, 50.732761155, 50.7268004920001, 50.729338168, 50.7239605120001, 50.7267096320001, 50.7250548920001, 50.7202678040001, 50.7205802120001, 50.718094281, 50.7146148300001, 50.7183852630001, 50.7171235050001, 50.7104973730001, 50.708231192, 50.70620423, 50.705628516, 50.698503293, 50.693886788, 
50.6979496810001, 50.696083038, 50.6977400480001, 50.693627436, 50.6949649750001, 50.689303592, 50.691483927, 50.6895939460001, 50.6884816, 50.6874132630001, 50.6855497220001, 50.685462789, 50.6806315000001, 50.684684202, 50.678399041, 50.684347969, 50.680135159, 50.685254372, 50.683491352, 50.6868640600001, 50.688841444, 50.689182041, 50.689258092, 50.691163417, 50.6868675700001, 50.687307343, 50.700388129, 50.703608525, 50.7077422450001, 50.708019688, 50.702159771, 50.7026992310001, 50.701767035, 
50.6976413730001, 50.6988024140001, 50.6912597780001, 50.689458696, 50.6882231530001, 50.6810902300001, 50.6820245210001, 50.6785671390001, 50.6795841210001, 50.678463492, 50.6746374090001, 50.6786678380001, 50.679679971, 50.685193853, 50.6812020410001, 50.682092987, 50.678631265, 50.6740111940001, 50.6725667600001, 50.671094773, 50.6720562830001, 50.6739365720001, 50.6749341890001, 50.6731943250001, 50.6685532010001, 50.673026688, 50.6753044390001, 50.6781877980001, 50.6768197430001, 50.682683049, 
50.6833582130001, 50.6783882030001, 50.674788967, 50.675292846, 50.671498338, 50.6759943750001, 50.677221204, 50.673969814, 50.671327149, 50.6677448360001, 50.6732944090001, 50.6775342450001, 50.6704911420001, 50.6644472520001, 50.665736495, 50.6598547350001, 50.6648440970001, 50.661088046, 50.670003132, 50.6710657930001, 50.67548815, 50.6729262430001, 50.6807071740001, 50.6736424010001, 50.6570114460001, 50.6464386480001, 50.641284313, 50.642628808, 50.6314513560001, 50.629763661, 50.6171580920001, 
50.608162087, 50.6080567160001, 50.601610565, 50.594900292, 50.5913960870001, 50.5914123590001, 50.589480542, 50.5807752100001, 50.577093684, 50.581917945, 50.593782774, 50.5928949230001, 50.596035746, 50.597786645, 50.6048640230001, 50.6132110840001, 50.609089462, 50.6160048510001, 50.6154405720001, 50.6188042540001, 50.622336971, 50.6229402160001, 50.620747855, 50.6172975550001, 50.616608549, 50.6171535840001, 50.6199372610001, 50.6175484930001, 50.622753092, 50.625833986, 50.6434579560001, 50.650266421, 
50.649926221, 50.6563412460001, 50.657505504, 50.683352267, 50.6951565110001, 50.697225298, 50.7020858130001, 50.7059892840001, 50.7195125440001, 50.720036926, 50.7309309670001, 50.731217191, 50.7428483690001, 50.749610272, 50.7557410060001, 50.759291191, 50.7604945240001, 50.76596334, 50.7707084530001, 50.7782031690001, 50.776808058, 50.7817949440001, 50.7739852330001, 50.7731596030001, 50.769236408, 50.770246501, 50.7666022110001, 50.7681811310001, 50.774693229, 50.7681641840001, 50.767696963, 
50.774646325, 50.782721268, 50.7873991120001, 50.791301709, 50.793566421)), list(c(-1.95813962399995, -1.96802104799997, -1.98491755799995, -1.98945985599994, -1.97554227399996, -1.95953100299994, -1.95813962399995, 50.6888077740001, 50.686503622, 50.6876624170001, 50.69303991, 50.6978142410001, 50.6955179060001, 50.6888077740001)), list(c(-2.01360259499995, -2.01874768399995, -2.02337226099996, -2.02004418499996, -2.01597598699993, -2.01921393599997, -2.01360259499995, 50.6885525690001, 50.685013628, 
50.6945349320001, 50.694655212, 50.6914809090001, 50.689869108, 50.6885525690001)), list(c(-1.98141855899996, -1.99036088499997, -1.99251167299997, -1.98755224799993, -1.98141855899996, 50.684111047, 50.6822615890001, 50.68473806, 50.6852583080001, 50.684111047)), list(c(-1.98847914199996, -1.99200039199997, -1.99807405199994, -1.99522774099995, -1.99671534099997, -1.98847914199996, 50.6798589050001, 50.67764723, 50.6805589480001, 50.6834622750001, 50.6812162080001, 50.6798589050001)), list(c(-2.00114088899994, 
-2.00412265599994, -2.00431835499995, -2.00114088899994, 50.6844181530001, 50.6809257090001, 50.68447919, 50.6844181530001)), list(c(-2.00595872099996, -2.00652471199993, -2.01101419599996, -2.00595872099996, 50.6853090760001, 50.6838388730001, 50.684688255, 50.6853090760001)), list(c(-2.00844782899998, -2.00658343899994, -2.00969895199995, -2.00844782899998, 50.6827534830001, 50.679419458, 50.6826356230001, 50.6827534830001)), list(c(-1.99254398799997, -1.99599817399996, -1.99500328899995, -1.99254398799997, 
50.676875727, 50.676660052, 50.677891887, 50.676875727)), list(c(-2.07475420399993, -2.07374041599996, -2.07577214699995, -2.07475420399993, 50.6930708620001, 50.6911518000001, 50.6923220370001, 50.6930708620001)), list(c(-1.97919142399996, -1.98157826599993, -1.98056347199997, -1.97919142399996, 50.666344026, 50.666122294, 50.6671660430001, 50.666344026)), list(c(-2.01086552499993, -2.01059499499996, -2.01325318399995, -2.01086552499993, 50.6841873970001, 50.6835517120001, 50.6841736550001, 50.6841873970001
)), list(c(-2.07264496099998, -2.07374126499997, -2.07392157299995, -2.07264496099998, 50.6903198320001, 50.6899154370001, 50.691091457, 50.6903198320001)), list(c(-2.22698676899995, -2.22736388499993, -2.22762085499994, -2.22698676899995, 50.617155439, 50.6168004360001, 50.617047137, 50.617155439)), list(c(-2.22655250799994, -2.22634709499994, -2.22673633899996, -2.22655250799994, 50.617066304, 50.6166836720001, 50.6167899760001, 50.617066304)), list(c(-2.53687288099997, -2.52784326699998, -2.51217506099994, 
-2.50354811799997, -2.48965111099994, -2.49166323099996, -2.47589746999995, -2.47606169799997, -2.46813788899993, -2.45996534999995, -2.45998456099994, -2.45380791899993, -2.44480199599997, -2.44850146599993, -2.43309273999995, -2.42627603599993, -2.41625535499998, -2.42535540299997, -2.43154978999996, -2.44465204299996, -2.44801205399995, -2.44364886399995, -2.43074967499996, -2.41283647899996, -2.41032266699995, -2.40086639199995, -2.40413398799996, -2.42852173399996, -2.44982214799995, -2.46014676699997, 
-2.46623164699997, -2.47648572399993, -2.48150945799995, -2.46955138199996, -2.46446930699994, -2.45396749999998, -2.44571171299998, -2.43897534299992, -2.43601440999993, -2.42924768799998, -2.42507136899997, -2.42393111999996, -2.40928444799994, -2.39696571899998, -2.40515451699997, -2.40065670899997, -2.38083729199997, -2.37013010299995, -2.36922962999995, -2.36202348899997, -2.35326279699996, -2.35502599399996, -2.32520804899997, -2.32335162899994, -2.33437027199994, -2.32139971399994, -2.31204356899997, 
-2.30768453399997, -2.30505419099995, -2.31841767599997, -2.30075243899995, -2.30848076499996, -2.29758473699997, -2.29569922799993, -2.30847054799995, -2.30699774199996, -2.28139790999995, -2.26744549299997, -2.26281557499993, -2.28583048299993, -2.29455114399997, -2.30037734899997, -2.30501379999993, -2.31270340299994, -2.30939125499998, -2.31032586199996, -2.31872294499993, -2.32377371999996, -2.30267626599993, -2.29845903799998, -2.30745251399998, -2.32683597799996, -2.32503060099998, -2.32971005099995, 
-2.32357746599996, -2.32553285699993, -2.34006780999994, -2.36696956199995, -2.39493587099997, -2.41239774899998, -2.40669352999993, -2.41614392099996, -2.43053383399996, -2.43399228999994, -2.44422040299997, -2.46198392499997, -2.46831016999994, -2.46503325599997, -2.47955021199994, -2.49588007799997, -2.49921610599995, -2.49139525399994, -2.49368924799995, -2.48898985999995, -2.49030319099995, -2.48497181199997, -2.48106998299994, -2.48457663199997, -2.48333544399998, -2.48976257399994, -2.48426057699993, 
-2.48909423899994, -2.50016080599994, -2.49700552699994, -2.50269689999993, -2.50809797499994, -2.50968775499996, -2.51494187599997, -2.51879643499996, -2.53298915699997, -2.54686988299994, -2.55014892999998, -2.55316700699996, -2.54806652999997, -2.54658574499996, -2.55935538599994, -2.56179572099995, -2.57155698499997, -2.59974138899997, -2.59951639399998, -2.61274618999994, -2.50387794299996, -2.50530376599994, -2.59216839899995, -2.65383994899997, -2.76153196799993, -2.77807762799995, -2.89571563199996, 
-2.92215657999998, -2.93835590199996, -2.93948207599993, -2.93540551999996, -2.94901295899996, -2.95431843499995, -2.93911617499998, -2.94182592199996, -2.93631754699993, -2.95384334099992, -2.95558561699994, -2.94042053699997, -2.93090903399997, -2.90860132299997, -2.89871745399995, -2.88830222299993, -2.89152089699996, -2.91981502199997, -2.93965802899993, -2.94921591299993, -2.96259919999994, -2.95557545999998, -2.94862407599993, -2.94293900099996, -2.93563930699997, -2.93132954399994, -2.91775788499996, 
-2.88744526399995, -2.88032059599993, -2.87829099799995, -2.84646654499994, -2.84411710499995, -2.83023013699994, -2.83023155699993, -2.81900502899992, -2.81270120399995, -2.80169354099996, -2.79025633199996, -2.78356559499997, -2.76296982799994, -2.76119879199996, -2.75627148099994, -2.75173649099997, -2.72437794199993, -2.71584314299997, -2.71567715299994, -2.70843329099995, -2.69701646799996, -2.68025720699995, -2.66190524599995, -2.65171421399998, -2.64839998299993, -2.62925862899993, -2.62542715899997, 
-2.61253809899995, -2.61105902999998, -2.61614525499994, -2.62536419899993, -2.61792095899995, -2.61610613899995, -2.60534238199995, -2.60533495499993, -2.61733716799995, -2.61289040499997, -2.60299225199998, -2.59950443299994, -2.60085864199993, -2.59968230199996, -2.59621324699998, -2.60118653799998, -2.59932581599998, -2.60469032399993, -2.59714918299994, -2.59059655999994, -2.58556243899994, -2.57624553799997, -2.57593688599997, -2.56367975499995, -2.55751611199997, -2.54673374399994, -2.54603473699996, 
-2.55323356999997, -2.55279915299997, -2.54860115999998, -2.54874481499996, -2.53647872199997, -2.53687288099997, 50.9945622700001, 50.9924654010001, 50.9949672860001, 50.9943026270001, 50.9762992070001, 50.973315476, 50.9630525110001, 50.9584968820001, 50.9603559990001, 50.9548345360001, 50.9502938790001, 50.950820632, 50.9590086540001, 50.9683949120001, 50.971881517, 50.9708150330001, 50.9611298190001, 50.9590650000001, 50.940033638, 50.937944336, 50.9302816640001, 50.925107585, 50.9252278490001, 
50.918849466, 50.9223613630001, 50.906739353, 50.8939135140001, 50.8854527840001, 50.8872778320001, 50.894685979, 50.883018812, 50.8819685400001, 50.8769504480001, 50.8742109560001, 50.8683204000001, 50.8620352930001, 50.862630933, 50.8693399090001, 50.867552706, 50.869800497, 50.867442915, 50.8579709810001, 50.8626171000001, 50.8629815940001, 50.842977031, 50.8376327570001, 50.8479531290001, 50.845119358, 50.8477989290001, 50.846551946, 50.8387517450001, 50.8282263850001, 50.820792935, 50.8156963420001, 
50.812413845, 50.810265411, 50.8141248150001, 50.809497757, 50.804610552, 50.7999918530001, 50.7892336200001, 50.7804771890001, 50.779159534, 50.774103892, 50.769450858, 50.7639007080001, 50.7650596300001, 50.759291191, 50.7557410060001, 50.749610272, 50.7428483690001, 50.731217191, 50.7309309670001, 50.720036926, 50.7195125440001, 50.7059892840001, 50.7020858130001, 50.697225298, 50.6951565110001, 50.683352267, 50.657505504, 50.6563412460001, 50.649926221, 50.650266421, 50.6434579560001, 50.625833986, 
50.6325740620001, 50.631566165, 50.637265293, 50.634689716, 50.659466906, 50.663262182, 50.657503682, 50.646768142, 50.647282573, 50.6525716360001, 50.652977031, 50.672172329, 50.678503048, 50.6792123910001, 50.6672660520001, 50.665936199, 50.657632413, 50.6487602820001, 50.640566817, 50.6319992900001, 50.6235739310001, 50.6161266880001, 50.612234814, 50.609531922, 50.6029827790001, 50.5916885240001, 50.598015004, 50.6034470100001, 50.607448246, 50.6067071750001, 50.6118121700001, 50.6107872750001, 
50.618446566, 50.618054242, 50.6264817690001, 50.625472732, 50.6280166000001, 50.628255661, 50.631474493, 50.6314210260001, 50.639732086, 50.638147857, 50.6497072390001, 50.654581926, 50.654630007, 50.59816707, 50.5971430270001, 50.6434571080001, 50.6706061570001, 50.7094394590001, 50.7146541880001, 50.733325102, 50.732394152, 50.7231587800001, 50.7196941300001, 50.7196845870001, 50.718837255, 50.7290680660001, 50.744665615, 50.750460608, 50.754833583, 50.7619478650001, 50.7682755920001, 50.7789759120001, 
50.7829960880001, 50.7856160700001, 50.786703339, 50.793085471, 50.8040272220001, 50.8061910960001, 50.8103947710001, 50.815984842, 50.81627982, 50.8217308150001, 50.8242495200001, 50.836452352, 50.837030897, 50.841514465, 50.842328777, 50.8511531610001, 50.8470044040001, 50.849878141, 50.8521492070001, 50.847901468, 50.8492150330001, 50.8522551190001, 50.8561693980001, 50.8639633820001, 50.856706859, 50.8539984980001, 50.8602513650001, 50.8613545040001, 50.866535377, 50.867332574, 50.8643605560001, 
50.866745602, 50.8644496580001, 50.871697854, 50.8703205630001, 50.876544897, 50.878033986, 50.887657952, 50.883861606, 50.888905423, 50.8868594800001, 50.8798137220001, 50.885571928, 50.89246087, 50.893832246, 50.9084177230001, 50.913900776, 50.9238053980001, 50.927273099, 50.9315234200001, 50.941994811, 50.9407396830001, 50.947405313, 50.949120012, 50.95489716, 50.960050822, 50.962653592, 50.967944672, 50.9740530330001, 50.976886397, 50.981881265, 50.9774621170001, 50.97943229, 50.983859238, 50.987234325, 
50.97825248, 50.9800767790001, 50.9856214340001, 50.992206342, 50.99423778, 50.996884139, 50.996957878, 51.0000807810001, 50.9999121860001, 50.9945622700001)), list(c(-2.44422040299997, -2.43399228999994, -2.43053383399996, -2.41614392099996, -2.40669352999993, -2.41239774899998, -2.42468319599993, -2.44228529299994, -2.44518272199997, -2.45388344399993, -2.45177602499996, -2.44509590499996, -2.45205970899997, -2.45083051699993, -2.43373954699996, -2.45118252899994, -2.46611033499994, -2.46753735799996, 
-2.47265392699995, -2.47371198599996, -2.48909423899994, -2.48426057699993, -2.48976257399994, -2.48333544399998, -2.48457663199997, -2.48106998299994, -2.48497181199997, -2.49030319099995, -2.48898985999995, -2.49368924799995, -2.49139525399994, -2.49921610599995, -2.49588007799997, -2.47955021199994, -2.46503325599997, -2.46831016999994, -2.46198392499997, -2.44422040299997, 50.647282573, 50.646768142, 50.657503682, 50.663262182, 50.659466906, 50.634689716, 50.636484372, 50.6272229, 50.6247858300001, 
50.6135285760001, 50.609221651, 50.6096178430001, 50.6050545530001, 50.6025559830001, 50.5967762830001, 50.6018352940001, 50.5938042880001, 50.5924092650001, 50.5852454980001, 50.585117951, 50.5916885240001, 50.6029827790001, 50.609531922, 50.612234814, 50.6161266880001, 50.6235739310001, 50.6319992900001, 50.640566817, 50.6487602820001, 50.657632413, 50.665936199, 50.6672660520001, 50.6792123910001, 50.678503048, 50.672172329, 50.652977031, 50.6525716360001, 50.647282573)), list(c(-2.50387794299996, 
-2.47125417599995, -2.47083666199995, -2.46174681699995, -2.44725729199996, -2.43344477399995, -2.44001315299994, -2.43465336799994, -2.42342267099997, -2.42995047899996, -2.42517534999996, -2.41699029999995, -2.41952411399996, -2.43088133799995, -2.44407958499994, -2.45789547299995, -2.46074732099993, -2.45497461099995, -2.45772136799997, -2.45096280199994, -2.45281029399996, -2.50530376599994, -2.50387794299996, 50.59816707, 50.578727524, 50.583021892, 50.5715909800001, 50.56889334, 50.5719345810001, 
50.569966697, 50.5682523510001, 50.569893425, 50.5676359, 50.562734838, 50.5497837390001, 50.5433309520001, 50.5365958410001, 50.5210593300001, 50.513700672, 50.5148951620001, 50.539461601, 50.5430565600001, 50.55627056, 50.5628697560001, 50.5971430270001, 50.59816707))))
c("Taunton Deane", "West Somerset"),Somerset West and Taunton,E07000246,list(list(list(c(-3.19478789899995, -3.17628530799993, -3.16986594499997, -3.16966000699995, -3.14340424999995, -3.14126419199994, -3.15503666399997, -3.15252484699994, -3.16118663699996, -3.15116433299994, -3.15428367199996, -3.13777539699993, -3.10355771599995, -3.10219040099997, -3.09080842999992, -3.09160223599997, -3.08563027899993, -3.05397184899994, -3.04741592399995, -3.03712361999993, -3.02593248299996, -3.02570440899996, -3.03346157199996, -3.02995281099993, -3.01910901099995, -2.99870574399995, 
-2.99536702099994, -2.98917104399993, -2.98196374699995, -2.96855705599995, -2.95904317499998, -2.94834626899996, -2.93458477399997, -2.94850581099996, -2.95199156699994, -2.97740796299996, -2.95243188899997, -2.95165747899995, -2.94821904099996, -2.93409001699996, -2.93300006199996, -2.91838837699993, -2.90655509299995, -2.90343472099994, -2.89851581799996, -2.89442212099993, -2.89421800599996, -2.88532502899994, -2.88511389799993, -2.91367396299995, -2.95173757699996, -2.94557156999997, -2.97937670299996, 
-2.98517600999998, -2.97930206999996, -2.97636182799994, -2.98404096099995, -2.98171514399996, -2.98599286399997, -3.00895764899997, -3.01219223499993, -3.01929050399997, -3.03002305999996, -3.03406677799995, -3.04841095199993, -3.05982924799997, -3.08159649199996, -3.08961702699997, -3.09362739099993, -3.08581196699993, -3.07441426399993, -3.06131222399995, -3.05366677099994, -3.11075583999997, -3.12331240599997, -3.12757490699994, -3.14041796399994, -3.14540897699993, -3.15410491399996, -3.15732546499993, 
-3.17166151599997, -3.17172642199995, -3.18909645099995, -3.18150748799997, -3.17373264599996, -3.17372703299998, -3.16517513099996, -3.18971607099996, -3.21956963099996, -3.25604872799994, -3.29506113099995, -3.30660027199997, -3.32108218299993, -3.32438807599993, -3.33492949499993, -3.37986709499995, -3.38463106399996, -3.38169224099994, -3.41537414099997, -3.41690243499994, -3.40432560999994, -3.39578896599994, -3.39826809899995, -3.39354715799993, -3.38017146299995, -3.35408073899993, -3.35133113299997, 
-3.36045547199996, -3.35957928299996, -3.30640038599995, -3.28772779199994, -3.28706205999993, -3.26927711599996, -3.27868417099995, -3.27873952799996, -3.29193689099998, -3.29394783399994, -3.28469479699993, -3.26412054399998, -3.25222931399998, -3.24308392399996, -3.23666891799996, -3.22188970299993, -3.19896826999997, -3.19478789899995, 51.112872554, 51.108031339, 51.1089076470001, 51.1048240050001, 51.1097962380001, 51.101083783, 51.0970264520001, 51.09380987, 51.0913791020001, 51.0892196340001, 
51.085372906, 51.0725853590001, 51.073568139, 51.068040491, 51.0665908940001, 51.0712140910001, 51.0720312710001, 51.06551562, 51.0659989440001, 51.0604010150001, 51.060369404, 51.057540015, 51.0576119620001, 51.048719815, 51.0550846400001, 51.0543113680001, 51.047037071, 51.0467830960001, 51.0413987430001, 51.047534904, 51.047960463, 51.0575112080001, 51.0578199610001, 51.0462850210001, 51.0418689900001, 51.038057064, 51.041567781, 51.0418892060001, 51.0462873500001, 51.057972234, 51.0585474160001, 
51.0678172770001, 51.061586112, 51.061493586, 51.062473594, 51.061620035, 51.0549629120001, 51.0478115020001, 51.0463178190001, 51.0305239030001, 51.0118019500001, 51.0038073650001, 50.998598675, 50.9907947980001, 50.9853764370001, 50.973697751, 50.972633435, 50.9655308060001, 50.963801684, 50.957609899, 50.9479186470001, 50.9451234110001, 50.9420835830001, 50.9368497470001, 50.9334416780001, 50.933163173, 50.940382502, 50.938547306, 50.9301844880001, 50.9221883340001, 50.915027685, 50.9133078780001, 
50.908809454, 50.902977585, 50.8986861550001, 50.902262358, 50.892250292, 50.8919406260001, 50.8943438540001, 50.900606162, 50.900896458, 50.908126054, 50.91096351, 50.92343114, 50.926133339, 50.9362527160001, 50.9465106440001, 50.9491296250001, 50.9438185440001, 50.9423832890001, 50.955673899, 50.9654433740001, 50.9710828080001, 50.978060672, 50.9833284530001, 50.9780395000001, 50.9950656120001, 51.0190112170001, 51.020227371, 51.028359848, 51.0377668680001, 51.0395317260001, 51.0414866040001, 51.049088838, 
51.0428221390001, 51.045576843, 51.053430522, 51.0608164660001, 51.065779186, 51.0733652640001, 51.0670365720001, 51.0619178410001, 51.0622157930001, 51.068105184, 51.0725967330001, 51.0792078480001, 51.0867672580001, 51.0931841, 51.085522928, 51.098598715, 51.094588151, 51.095084178, 51.105568163, 51.1185833320001, 51.112872554)), list(c(-2.92653058799993, -2.92284984699995, -2.91346184199995, -2.90565967499992, -2.88946321599997, -2.89378821999998, -2.89439571899993, -2.89634535499994, -2.89825909699994, 
-2.90347182999994, -2.90691074899996, -2.92226930899994, -2.92885834699996, -2.93585009599997, -2.92653058799993, 51.0856547130001, 51.0823310430001, 51.085685707, 51.0756528150001, 51.0696262530001, 51.0617537050001, 51.0620127660001, 51.0620977400001, 51.0626682640001, 51.061640163, 51.0618279350001, 51.0722240010001, 51.0765538460001, 51.0838334760001, 51.0856547130001)), list(c(-2.91846282299997, -2.92819371199994, -2.94753743999996, -2.94997197799995, -2.94774825299993, -2.93710927599994, -2.93871438099995, 
-2.93540615499995, -2.92990017399995, -2.92485750999992, -2.91846282299997, 51.0684038380001, 51.062127375, 51.069111235, 51.073849669, 51.076421259, 51.0770582690001, 51.080623088, 51.0810757770001, 51.0765312840001, 51.0736309170001, 51.0684038380001)), list(c(-3.63316263099995, -3.62289582499994, -3.59336097999994, -3.57998395199996, -3.55658112999993, -3.50417425199993, -3.49809461699994, -3.48741681399997, -3.47371556899998, -3.47023254299995, -3.45643553499997, -3.44319776499998, -3.42548238599994, 
-3.41284974999996, -3.39432884899998, -3.37483503599998, -3.35145427599997, -3.33007419799998, -3.32935880599996, -3.31443523099995, -3.29517634899997, -3.28536379599996, -3.27707173699997, -3.25813052699993, -3.23020510599997, -3.21750299499996, -3.20341694499996, -3.19135883399997, -3.18166671099993, -3.16552616499996, -3.15606181999993, -3.13268468299998, -3.11569273499993, -3.10199312899994, -3.07762854499992, -3.05580834399996, -3.05284888799997, -3.06872402199997, -3.08271434499994, -3.08963170799996, 
-3.09772780399993, -3.09807550399995, -3.10851042399997, -3.10730756299995, -3.11759217899993, -3.11488309899994, -3.13774181899993, -3.13455546099993, -3.13938070799998, -3.15877740499997, -3.16456534299994, -3.17488668199996, -3.18013305999995, -3.20669892199993, -3.21769812799994, -3.19896826999997, -3.22188970299993, -3.23666891799996, -3.24308392399996, -3.25222931399998, -3.26412054399998, -3.28469479699993, -3.29394783399994, -3.29193689099998, -3.27873952799996, -3.27868417099995, -3.26927711599996, 
-3.28706205999993, -3.28772779199994, -3.30640038599995, -3.35957928299996, -3.36045547199996, -3.35133113299997, -3.35408073899993, -3.38017146299995, -3.39354715799993, -3.39826809899995, -3.39578896599994, -3.40432560999994, -3.41690243499994, -3.42801403699997, -3.44842074399998, -3.46488270699996, -3.48488239099993, -3.52161481799993, -3.52006758599993, -3.52874875799995, -3.53623323199997, -3.60438301899995, -3.61091957399998, -3.61582835799993, -3.59934619099994, -3.60150766099997, -3.59564964499998, 
-3.61150619799997, -3.61422877199993, -3.62547874299997, -3.63652717999997, -3.65350206299996, -3.65142882799995, -3.68358931699993, -3.69357438899993, -3.72111809699993, -3.76855398599997, -3.80544319999996, -3.82267619499993, -3.83588900799998, -3.83322135799995, -3.84097294799994, -3.80742447299997, -3.78746301599995, -3.75841291699993, -3.74703983599994, -3.72646173699997, -3.72558915199994, -3.73325477899994, -3.72737934399993, -3.73274051299995, -3.72990505999996, -3.73436893499996, -3.72195029299996, 
-3.63316263099995, 51.224225501, 51.217270367, 51.2231964150001, 51.23263825, 51.2337549810001, 51.223505087, 51.22448317, 51.2203548160001, 51.2141100600001, 51.2084047530001, 51.2100519160001, 51.2070015730001, 51.191314751, 51.18436654, 51.183007246, 51.1851676160001, 51.182020707, 51.1845533320001, 51.182365759, 51.1800654050001, 51.183188102, 51.181133033, 51.1802815890001, 51.188227623, 51.1923190690001, 51.1948148750001, 51.2019649700001, 51.2031700370001, 51.2002661330001, 51.2031497930001, 
51.2091051680001, 51.2113425100001, 51.2074795410001, 51.2089077460001, 51.2018815690001, 51.2061760870001, 51.2038138570001, 51.194968133, 51.1980160350001, 51.1917523930001, 51.190622841, 51.1850278960001, 51.183469318, 51.17810754, 51.17644341, 51.1704576170001, 51.1681847510001, 51.1644555440001, 51.1629609830001, 51.1641793360001, 51.1546117080001, 51.1528216030001, 51.1471419540001, 51.1433173820001, 51.130888703, 51.1185833320001, 51.105568163, 51.095084178, 51.094588151, 51.098598715, 51.085522928, 
51.0931841, 51.0867672580001, 51.0792078480001, 51.0725967330001, 51.068105184, 51.0622157930001, 51.0619178410001, 51.0670365720001, 51.0733652640001, 51.065779186, 51.0608164660001, 51.053430522, 51.045576843, 51.0428221390001, 51.049088838, 51.0414866040001, 51.0395317260001, 51.0377668680001, 51.028359848, 51.031928146, 51.0262485750001, 51.0257851850001, 51.034355358, 51.026393318, 51.015319382, 51.006046988, 51.003872512, 51.0077569310001, 51.008506728, 51.0160127950001, 51.0374911280001, 51.0511597490001, 
51.0557115350001, 51.058462944, 51.056623454, 51.0617546010001, 51.056813102, 51.0601573910001, 51.0646071190001, 51.0738440650001, 51.0811045340001, 51.08132699, 51.106291556, 51.1161913880001, 51.1268842200001, 51.1418846020001, 51.1516864100001, 51.177170866, 51.178371342, 51.17242615, 51.1778481320001, 51.176056621, 51.179859171, 51.184419244, 51.1914668570001, 51.1999197660001, 51.2156254600001, 51.219345079, 51.2232182060001, 51.233583954, 51.224225501))))
